parking_id,capacity,latitude,longitude
DE-BB-002398,20,52.70385,13.065672
DE-BB-002402,20,52.705116,13.066101
DE-BB-002404,20,52.618874,13.511084
DE-BB-002406,20,52.61792,13.510849
DE-BB-002408,12,53.27662,14.06071
DE-BB-002410,14,53.273006,14.054923
DE-BB-002430,124,52.64229,13.244046
DE-BB-264901,12,53.39425,13.992517
DE-BB-264902,12,53.394367,13.993884
DE-BB-273801,13,53.28492,12.072715
DE-BB-273802,11,53.285343,12.07327
DE-BB-273803,14,53.26427,12.143669
DE-BB-273804,15,53.263435,12.143702
DE-BB-274901,16,53.2164,13.967447
DE-BB-274902,16,53.211235,13.957315
DE-BB-283901,13,53.197456,12.275298
DE-BB-283902,14,53.19631,12.27579
DE-BB-284001,7,53.114998,12.469082
DE-BB-284002,9,53.115276,12.467031
DE-BB-294101,10,53.043045,12.551463
DE-BB-294102,10,53.044445,12.550479
DE-BB-294103,23,53.009422,12.589241
DE-BB-294104,23,52.992027,12.609183
DE-BB-294901,8,53.09202,13.851205
DE-BB-294902,8,53.091984,13.84984
DE-BB-304101,16,52.951733,12.661281
DE-BB-304102,11,52.951057,12.659175
DE-BB-304201,14,52.876354,12.75797
DE-BB-304202,14,52.87668,12.759922
DE-TH-073022,11,50.422356,10.890593
DE-BB-314802,35,52.88247,13.700968
DE-BB-314803,25,52.883873,13.705408
DE-BB-324301,96,52.75491,12.854318
DE-BB-324302,94,52.752937,12.853825
DE-BB-324701,18,52.7104,13.548674
DE-BB-324702,18,52.711815,13.546221
DE-BB-334301,11,52.631134,12.985801
DE-BB-334401,38,52.68554,13.009481
DE-BB-334402,32,52.666073,13.004603
DE-BB-334601,5,52.677486,13.390458
DE-BB-334602,11,52.676723,13.394245
DE-BB-344301,12,52.52227,12.965595
DE-BB-344302,12,52.532375,12.966272
DE-BB-344801,40,52.543747,13.692113
DE-BB-344802,31,52.54269,13.69083
DE-BB-354301,12,52.42069,12.924289
DE-BB-354801,24,52.43725,13.796151
DE-BB-354802,26,52.455933,13.799335
DE-BB-364101,33,52.33815,12.645404
DE-BB-364102,33,52.339924,12.642375
DE-BB-364103,48,52.34199,12.515211
DE-BB-364104,41,52.34136,12.516849
DE-BB-364302,20,52.320538,12.852175
DE-BB-364303,20,52.31916,12.85898
DE-BB-364405,20,52.38376,13.15299
DE-BB-364406,20,52.38435,13.151446
DE-BB-364501,16,52.299583,13.18368
DE-BB-364502,16,52.301296,13.195741
DE-BB-364503,108,52.30297,13.019507
DE-BB-364504,160,52.301617,13.017381
DE-BB-364601,57,52.318024,13.496687
DE-BB-364602,83,52.31597,13.495729
DE-BB-364603,18,52.308357,13.369242
DE-BB-364701,26,52.37802,13.56291
DE-BB-364702,36,52.37788,13.56138
DE-BB-364801,20,52.32326,13.705664
DE-BB-364802,20,52.322346,13.70563
DE-BB-364905,20,52.31204,13.95233
DE-BB-364906,20,52.31099,13.952901
DE-BB-365101,22,52.33643,14.22035
DE-BB-365102,22,52.33722,14.22317
DE-BB-365201,52,52.320312,14.386821
DE-BB-365202,66,52.321217,14.386661
DE-BB-373901,65,52.251907,12.307746
DE-BB-373902,65,52.250984,12.309836
DE-BB-374301,15,52.20215,12.884129
DE-BB-374302,15,52.200752,12.884645
DE-BB-374701,23,52.20955,13.60814
DE-BB-374702,22,52.20826,13.60754
DE-BB-384201,40,52.13313,12.751817
DE-BB-384202,38,52.13218,12.752872
DE-BB-394101,15,52.04391,12.629487
DE-BB-394102,15,52.035473,12.621057
DE-BB-404801,8,51.99467,13.72605
DE-BB-404802,12,51.9941,13.72483
DE-BB-404804,44,51.91185,13.795986
DE-BB-414901,54,51.88861,13.83807
DE-BB-414902,20,51.8284,13.99668
DE-BB-414903,16,51.81558,13.89338
DE-BB-414905,20,51.82761,13.99597
DE-BB-424901,0,51.70076,13.899353
DE-BB-424902,2,51.696598,13.901789
DE-BB-425003,20,51.75541,14.12648
DE-BB-425004,20,51.754585,14.125875
DE-BB-435401,3,51.69313,14.66711
DE-BB-444901,20,51.45935,13.8523
DE-BB-444902,20,51.45804,13.85262
DE-BB-444903,60,51.56864,13.92889
DE-BB-444904,60,51.55931,13.92075
DE-BE-000001,1,52.434055,13.191268
DE-BE-000002,134,52.500942,13.277495
DE-BW-004458,25,48.126774,10.109221
DE-BW-004459,25,48.12352,10.112752
DE-BW-004461,35,48.51068,9.833657
DE-BW-004465,3,48.5466,9.64222
DE-BW-004466,5,48.552948,9.63229
DE-BW-004467,3,48.5596,9.630232
DE-BW-004468,5,48.565495,9.635434
DE-BW-004469,4,48.571636,9.650871
DE-BW-004530,11,47.706757,7.525415
DE-BW-004538,9,49.453747,9.531084
DE-BW-004564,9,49.5548,8.50964
DE-BW-005005,8,49.58383,8.63407
DE-BW-005010,53,49.53146,8.63267
DE-BW-005015,7,49.46691,8.6435
DE-BW-005020,25,49.350273,8.630576
DE-BW-005025,7,49.32303,8.62914
DE-BW-005030,37,49.257236,8.601702
DE-BW-005035,8,49.198406,8.591035
DE-BW-005040,45,49.1619,8.567838
DE-BW-005045,8,49.10357,8.54128
DE-BW-005050,22,49.069153,8.507364
DE-BW-005055,14,48.889046,8.288924
DE-BW-005060,138,48.80979,8.182029
DE-BW-005065,69,48.7386,8.114483
DE-BW-005070,38,48.65873,8.036264
DE-BW-005075,41,48.563026,7.955924
DE-BW-005080,18,48.49915,7.903177
DE-BW-005085,9,48.424374,7.884756
DE-BW-005090,18,48.40296,7.855462
DE-BW-005095,10,48.36623,7.801391
DE-BW-005100,64,48.309464,7.789466
DE-BW-005105,8,48.20092,7.74529
DE-BW-005110,8,48.16956,7.751875
DE-BW-005115,8,48.12099,7.78469
DE-BW-005120,8,48.08533,7.79936
DE-BW-005125,16,48.04986,7.810577
DE-BW-005130,8,47.98853,7.744293
DE-BW-005135,8,47.94561,7.63889
DE-BW-005140,8,47.92148,7.59614
DE-BW-005145,21,47.8731,7.5688
DE-BW-005150,16,47.830086,7.562478
DE-BW-005155,15,47.78878,7.537546
DE-BW-005160,69,47.73735,7.5519
DE-BW-005165,7,47.707623,7.525573
DE-BW-005505,8,49.60898,8.62959
DE-BW-005510,58,49.53119,8.634092
DE-BW-005515,9,49.46392,8.64555
DE-BW-005520,25,49.34979,8.632029
DE-BW-005525,7,49.32341,8.63033
DE-BW-005530,8,49.257454,8.603405
DE-BW-005535,7,49.198757,8.592107
DE-BW-005540,55,49.161533,8.569823
DE-BW-005545,9,49.10376,8.54256
DE-BW-005550,24,49.07142,8.510068
DE-BW-005555,7,49.03905,8.4873
DE-BW-005560,14,48.88844,8.28913
DE-BW-005565,130,48.75425,8.132056
DE-BW-005570,37,48.67406,8.055375
DE-BW-005575,50,48.562687,7.957567
DE-BW-005580,18,48.49952,7.905024
DE-BW-005585,9,48.425434,7.886673
DE-BW-005590,19,48.40227,7.856153
DE-BW-005595,9,48.367268,7.803582
DE-BW-005600,9,48.3355,7.78941
DE-BW-005605,44,48.308468,7.791288
DE-BW-005610,8,48.19947,7.74622
DE-BW-005615,8,48.1711,7.75206
DE-BW-005620,8,48.133,7.7786
DE-BW-005625,8,48.09375,7.79541
DE-BW-005630,8,47.989365,7.746332
DE-BW-005635,54,47.97041,7.721556
DE-BW-005640,7,47.948635,7.653706
DE-BW-005645,8,47.92261,7.59813
DE-BW-005650,19,47.87446,7.57036
DE-BW-005655,28,47.83006,7.563758
DE-BW-005660,17,47.78994,7.53872
DE-BW-005665,9,47.7458,7.55128
DE-BW-005675,8,47.61251,7.59219
DE-BW-005680,54,47.598484,7.604161
DE-BW-006005,27,49.507996,8.559853
DE-BW-006010,8,49.37946,8.54361
DE-BW-006015,47,49.3209,8.568303
DE-BW-006020,6,49.29827,8.59371
DE-BW-006025,14,49.272537,8.647818
DE-BW-006040,288,49.241417,8.878465
DE-BW-006045,12,49.221684,8.971337
DE-BW-006050,39,49.1933,9.106112
DE-BW-006055,40,49.16882,9.253687
DE-BW-006060,6,49.15691,9.316175
DE-BW-006065,6,49.16241,9.369988
DE-BW-006070,42,49.19447,9.429881
DE-BW-006075,11,49.211292,9.535965
DE-BW-006080,120,49.205894,9.638167
DE-BW-006085,36,49.174583,9.794775
DE-BW-006090,50,49.17318,9.995411
DE-BW-006095,8,49.189404,10.108457
DE-BW-006505,8,49.37196,8.54515
DE-BW-006510,36,49.316097,8.576656
DE-BW-006515,18,49.29305,8.60068
DE-BW-006520,14,49.273758,8.645434
DE-BW-006540,24,49.243343,8.881592
DE-BW-006545,9,49.222225,8.975475
DE-BW-006550,40,49.19694,9.099957
DE-BW-006555,43,49.168446,9.258732
DE-BW-006560,7,49.16173,9.340299
DE-BW-006565,6,49.176357,9.400759
DE-BW-006570,10,49.204185,9.471505
DE-BW-006575,11,49.21164,9.53243
DE-BW-006580,108,49.206455,9.640883
DE-BW-006585,25,49.176365,9.796946
DE-BW-006590,50,49.174213,9.995774
DE-BW-006595,21,49.19013,10.107782
DE-BW-007010,35,48.98376,10.193664
DE-BW-007015,24,48.73991,10.195927
DE-BW-007020,35,48.58463,10.17665
DE-BW-007025,24,48.523273,10.082484
DE-BW-007510,35,48.984257,10.195998
DE-BW-007515,25,48.741116,10.197063
DE-BW-007520,35,48.58355,10.177791
DE-BW-007525,24,48.52295,10.08374
DE-BW-008005,21,48.49568,9.846
DE-BW-008010,79,48.520897,9.807363
DE-BW-008015,23,48.527706,9.720062
DE-BW-008020,7,48.5335,9.66452
DE-BW-008025,17,48.55339,9.65646
DE-BW-008030,5,48.608257,9.631482
DE-BW-008035,23,48.632294,9.537495
DE-BW-008040,95,48.69372,9.302803
DE-BW-008045,17,48.733906,9.046052
DE-BW-008050,41,48.824085,8.888713
DE-BW-008055,21,48.907948,8.773517
DE-BW-008060,29,48.90973,8.689791
DE-BW-008065,34,48.9567,8.48202
DE-BW-008510,21,48.52731,9.717281
DE-BW-008545,112,48.606518,9.631765
DE-BW-008550,25,48.631256,9.538403
DE-BW-008555,51,48.65273,9.39696
DE-BW-008560,51,48.74149,9.034285
DE-BW-008565,40,48.823166,8.888243
DE-BW-008575,72,48.908596,8.690185
DE-BW-008580,6,48.912605,8.619388
DE-BW-008585,34,48.941418,8.505648
DE-BW-061005,9,49.334274,8.486474
DE-BW-061505,11,49.33068,8.51889
DE-BW-081005,11,49.708805,9.804947
DE-BW-081010,6,49.68104,9.77948
DE-BW-081015,26,49.628407,9.728854
DE-BW-081025,5,49.59303,9.670295
DE-BW-081030,3,49.558876,9.614997
DE-BW-081035,6,49.53245,9.577779
DE-BW-081040,5,49.489334,9.564782
DE-BW-081045,9,49.45625,9.532935
DE-BW-081050,5,49.432205,9.503764
DE-BW-081055,13,49.375072,9.453305
DE-BW-081060,13,49.36321,9.426682
DE-BW-081065,43,49.32585,9.413232
DE-BW-081070,4,49.272583,9.351446
DE-BW-081075,7,49.19756,9.349554
DE-BW-081080,7,49.170567,9.3161
DE-BW-081085,6,49.120674,9.299914
DE-BW-081090,45,49.045826,9.264187
DE-BW-081095,6,48.99054,9.231839
DE-BW-081100,15,48.80881,9.047866
DE-BW-081105,27,48.614864,8.903889
DE-BW-081110,44,48.524956,8.88531
DE-BW-081115,35,48.45641,8.774628
DE-BW-081120,10,48.40125,8.72737
DE-BW-081125,14,48.37131,8.6936
DE-BW-081130,46,48.324627,8.646805
DE-BW-081135,11,48.26447,8.63866
DE-BW-081140,47,48.205963,8.621874
DE-BW-081145,16,48.142178,8.56989
DE-BW-081150,12,48.07312,8.6027
DE-BW-081160,29,47.945713,8.618933
DE-BW-081165,8,47.8957,8.70624
DE-BW-081170,8,47.89046,8.76815
DE-BW-081175,42,47.86162,8.785943
DE-BW-081180,49,47.824814,8.832831
DE-BW-081505,11,49.704906,9.801243
DE-BW-081510,4,49.67169,9.77189
DE-BW-081515,26,49.62209,9.729184
DE-BW-081525,5,49.591003,9.669195
DE-BW-081530,4,49.561398,9.622764
DE-BW-081535,4,49.515938,9.569169
DE-BW-081540,6,49.477036,9.564807
DE-BW-081550,5,49.380135,9.45979
DE-BW-081555,4,49.357758,9.418227
DE-BW-081560,41,49.323383,9.414438
DE-BW-081565,7,49.26094,9.353832
DE-BW-081570,5,49.194847,9.351393
DE-BW-081575,6,49.09243,9.293131
DE-BW-081580,46,49.043736,9.263568
DE-BW-081585,6,48.992077,9.233217
DE-BW-081590,10,48.807976,9.048057
DE-BW-081595,42,48.615902,8.907339
DE-BW-081600,40,48.52525,8.887196
DE-BW-081605,34,48.455956,8.775996
DE-BW-081610,10,48.40131,8.72851
DE-BW-081615,11,48.37096,8.69446
DE-BW-081620,40,48.324356,8.64821
DE-BW-081625,16,48.24309,8.64846
DE-BW-081630,39,48.206482,8.626561
DE-BW-081635,16,48.141747,8.571702
DE-BW-081640,12,48.07061,8.60679
DE-BW-081645,52,47.96494,8.621783
DE-BW-081650,8,47.8945,8.70664
DE-BW-081655,8,47.89004,8.77078
DE-BW-081660,37,47.86434,8.785658
DE-BW-081665,5,47.82498,8.83428
DE-BW-096005,15,47.681747,9.785625
DE-BW-096505,15,47.682056,9.784352
DE-BW-096510,27,47.801174,9.982218
DE-BW-098005,8,47.62931,7.63034
DE-BW-098105,16,47.82965,8.95703
DE-BW-098605,18,47.83266,8.96411
DE-BY-000001,16,49.990807,9.101738
DE-BY-000002,16,49.99516,9.118244
DE-BY-000003,49,49.99862,9.2454
DE-BY-000004,33,49.980515,9.265351
DE-BY-000013,48,49.897583,9.394361
DE-BY-000014,134,49.895927,9.394278
DE-BY-000019,48,49.83614,9.51474
DE-BY-000020,46,49.83789,9.515673
DE-BY-000030,45,49.773495,9.716129
DE-BY-000031,45,49.774693,9.715447
DE-BY-000032,41,49.751896,9.962953
DE-BY-000033,32,49.754982,9.96113
DE-BY-000034,32,49.74953,10.03959
DE-BY-000035,36,49.76078,10.05555
DE-BY-000038,65,49.779613,10.245889
DE-BY-000039,66,49.780624,10.245248
DE-BY-000045,34,49.7858,10.43305
DE-BY-000055,51,49.732143,10.728537
DE-BY-000056,187,49.730785,10.724032
DE-BY-000071,84,49.580975,10.929751
DE-BY-000072,56,49.581436,10.926532
DE-BY-000074,15,49.5258,11.06667
DE-BY-000075,17,49.52683,11.06705
DE-BY-000076,33,49.43557,11.269259
DE-BY-000077,33,49.43605,11.27096
DE-BY-000082,42,49.3137,11.49425
DE-BY-000083,7,49.3143,11.5115
DE-BY-000085,74,49.27139,11.602177
DE-BY-000086,109,49.271687,11.600201
DE-BY-000087,6,49.2553,11.61125
DE-BY-000088,5,49.2224,11.64555
DE-BY-000089,6,49.2094,11.65255
DE-BY-000091,5,49.18575,11.6878
DE-BY-000093,5,49.168224,11.828665
DE-BY-000094,5,49.166557,11.831484
DE-BY-000095,5,49.12897,11.869232
DE-BY-000096,6,49.11733,11.872884
DE-BY-000098,7,49.032494,11.94524
DE-BY-000099,5,49.00882,11.99282
DE-BY-000100,6,49.008884,11.994297
DE-BY-000101,10,49.001347,12.046971
DE-BY-000105,19,48.992496,12.419432
DE-BY-000106,23,48.9933,12.420681
DE-BY-000107,38,48.932167,12.706934
DE-BY-000108,30,48.931065,12.706375
DE-BY-000110,8,48.86015,12.85768
DE-BY-000111,8,48.85947,12.85678
DE-BY-000112,11,48.80313,12.98071
DE-BY-000113,10,48.78843,13.010852
DE-BY-000114,10,48.787983,13.010395
DE-BY-000117,9,48.743584,13.106698
DE-BY-000118,7,48.740826,13.111908
DE-BY-000119,8,48.720222,13.154813
DE-BY-000120,7,48.675632,13.236154
DE-BY-000121,7,48.67554,13.24306
DE-BY-000122,6,48.639446,13.294809
DE-BY-000123,6,48.635666,13.299105
DE-BY-000124,10,48.62067,13.350648
DE-BY-000125,14,48.588524,13.366575
DE-BY-000126,66,48.58951,13.365276
DE-BY-000127,6,48.558453,13.389303
DE-BY-000128,7,48.546097,13.398354
DE-BY-000130,18,48.454834,13.375229
DE-BY-000131,65,48.41523,13.416122
DE-BY-000132,7,49.20665,10.1455
DE-BY-000133,8,49.2076,10.14495
DE-BY-000134,36,49.204224,10.19829
DE-BY-000135,37,49.205734,10.200034
DE-BY-000136,71,49.241283,10.354743
DE-BY-000137,70,49.24252,10.354549
DE-BY-000138,5,49.2435,10.3826
DE-BY-000140,4,49.2502,10.4773
DE-BY-000141,6,49.2521,10.4813
DE-BY-000143,56,49.25894,10.546457
DE-BY-000144,56,49.260353,10.547251
DE-BY-000147,8,49.257,10.6622
DE-BY-000149,38,49.265343,10.691478
DE-BY-000150,37,49.264412,10.692122
DE-BY-000152,5,49.3061,10.7808
DE-BY-000153,49,49.30849,10.826443
DE-BY-000154,48,49.30991,10.825312
DE-BY-000157,63,49.308098,10.969811
DE-BY-000158,72,49.306183,10.967431
DE-BY-000160,7,49.407,11.3159
DE-BY-000161,7,49.40785,11.3177
DE-BY-000166,5,49.419544,11.485183
DE-BY-000167,4,49.41835,11.48995
DE-BY-000173,61,49.424496,11.690904
DE-BY-000174,60,49.42327,11.687408
DE-BY-000176,10,49.396038,11.859386
DE-BY-000177,10,49.397236,11.859778
DE-BY-000178,34,49.44479,12.086435
DE-BY-000179,34,49.445698,12.085749
DE-BY-000180,13,49.566444,12.240768
DE-BY-000181,13,49.56556,12.240071
DE-BY-000182,12,49.632324,12.451995
DE-BY-000183,13,49.631157,12.452699
DE-BY-000184,6,50.34745,9.7523
DE-BY-000186,6,50.32915,9.77865
DE-BY-000187,6,50.3284,9.78175
DE-BY-000190,6,50.284,9.85865
DE-BY-000191,96,50.2682,9.882067
DE-BY-000192,58,50.264824,9.880974
DE-BY-000193,7,50.23801,9.875992
DE-BY-000194,7,50.2277,9.89315
DE-BY-000195,7,50.2142,9.91655
DE-BY-000196,6,50.2074,9.92955
DE-BY-000197,7,50.15555,9.9627
DE-BY-000199,7,50.0984,9.97915
DE-BY-000200,7,50.0829,9.98905
DE-BY-000201,6,50.07775,10.01065
DE-BY-000202,6,50.0736,10.0212
DE-BY-000203,6,50.0489,10.0591
DE-BY-000207,5,49.9678,10.03365
DE-BY-000208,63,49.94416,10.020962
DE-BY-000209,90,49.944775,10.016793
DE-BY-000211,8,49.92685,9.9986
DE-BY-000214,4,49.8823,9.9953
DE-BY-000216,5,49.8397,10.02645
DE-BY-000217,5,49.83095,10.03985
DE-BY-000218,6,49.8158,10.0439
DE-BY-000220,15,49.70495,10.1045
DE-BY-000221,15,49.7016,10.10795
DE-BY-000222,16,49.62638,10.175032
DE-BY-000223,16,49.625423,10.176833
DE-BY-000225,31,49.484856,10.21064
DE-BY-000226,42,49.48562,10.213594
DE-BY-000227,15,49.358635,10.215339
DE-BY-000228,15,49.35841,10.218061
DE-BY-000230,15,49.2466,10.21854
DE-BY-000231,15,49.24645,10.220923
DE-BY-000233,16,49.114986,10.231776
DE-BY-000234,16,49.11279,10.233053
DE-BY-000235,5,48.43506,10.106083
DE-BY-000236,4,48.42901,10.10088
DE-BY-000237,4,48.387352,10.086527
DE-BY-000238,4,48.38796,10.085814
DE-BY-000239,20,48.360195,10.082199
DE-BY-000240,18,48.36019,10.080646
DE-BY-000241,8,48.309795,10.096674
DE-BY-000242,8,48.300755,10.108123
DE-BY-000243,7,48.267616,10.115207
DE-BY-000244,7,48.268093,10.114302
DE-BY-000245,12,48.24089,10.120363
DE-BY-000246,12,48.23968,10.119879
DE-BY-000247,7,48.180923,10.127684
DE-BY-000248,4,48.158062,10.128685
DE-BY-000249,4,48.08385,10.137318
DE-BY-000250,4,48.083588,10.13652
DE-BY-000252,12,48.012875,10.138445
DE-BY-000253,5,47.98407,10.152142
DE-BY-000254,6,47.98394,10.151132
DE-BY-000257,28,47.847095,10.282939
DE-BY-000258,24,47.848724,10.280975
DE-BY-000259,6,47.80389,10.309402
DE-BY-000260,6,47.765392,10.325226
DE-BY-000261,6,47.763428,10.326813
DE-BY-000262,5,47.704067,10.367343
DE-BY-000263,5,47.702244,10.366355
DE-BY-000264,8,47.663937,10.416492
DE-BY-000265,8,47.66216,10.420273
DE-BY-000267,11,50.00262,10.421077
DE-BY-000268,11,50.00341,10.4203
DE-BY-000270,10,49.975353,10.609853
DE-BY-000271,16,49.97784,10.616374
DE-BY-000272,13,49.9539,10.981437
DE-BY-000273,13,49.956474,10.981094
DE-BY-000274,41,49.99389,11.168251
DE-BY-000275,39,49.994804,11.166458
DE-BY-000277,10,50.0324,11.472694
DE-BY-000278,10,50.033066,11.47206
DE-BY-000279,45,50.421608,10.349667
DE-BY-000280,45,50.42378,10.35079
DE-BY-000281,11,50.240425,10.219436
DE-BY-000282,11,50.239925,10.217604
DE-BY-000283,11,50.101734,10.161654
DE-BY-000284,11,50.100662,10.163735
DE-BY-000285,10,50.2502,11.030946
DE-BY-000286,10,50.251686,11.031983
DE-BY-000288,4,50.02,10.9493
DE-BY-000289,4,50.01987,10.950088
DE-BY-000290,3,49.943695,10.904326
DE-BY-000291,3,49.943798,10.904979
DE-BY-000292,10,49.755985,11.060224
DE-BY-000293,15,49.75054,11.059223
DE-BY-000295,7,49.5339,10.993242
DE-BY-000296,7,49.533875,10.99183
DE-BY-000297,12,47.766884,12.90263
DE-BY-000298,58,47.829075,12.590684
DE-BY-000299,11,47.827744,12.590155
DE-BY-000300,6,47.83356,12.425969
DE-BY-000301,0,47.83407,12.404332
DE-BY-000308,167,47.80322,12.177753
DE-BY-000309,60,47.801666,12.176735
DE-BY-000313,9,47.825615,11.919934
DE-BY-000314,15,47.829308,11.905881
DE-BY-000315,12,47.846638,11.866237
DE-BY-000316,11,47.85751,11.856727
DE-BY-000317,40,47.89267,11.730397
DE-BY-000318,79,47.905792,11.717632
DE-BY-000319,11,47.942177,11.700145
DE-BY-000320,11,47.952385,11.694928
DE-BY-000321,11,47.997234,11.677325
DE-BY-000322,12,47.997715,11.675688
DE-BY-000323,24,48.17021,11.448154
DE-BY-000324,15,48.25919,11.300455
DE-BY-000325,15,48.256863,11.301074
DE-BY-000326,35,48.343063,11.151363
DE-BY-000327,41,48.34214,11.150232
DE-BY-000329,35,48.40075,10.986956
DE-BY-000330,68,48.41185,10.912774
DE-BY-000331,40,48.41903,10.810102
DE-BY-000332,48,48.41232,10.648419
DE-BY-000337,67,48.413326,10.427605
DE-BY-000340,88,48.437466,10.213732
DE-TH-004121,70,50.949818,11.195484
DE-BY-000341,49,50.40536,11.774844
DE-BY-000342,65,50.40632,11.773473
DE-BY-000345,40,50.304153,11.806435
DE-BY-000346,40,50.30348,11.80395
DE-BY-000348,32,50.10519,11.704355
DE-BY-000349,32,50.10553,11.702924
DE-BY-000352,12,49.89421,11.600841
DE-BY-000353,50,49.893505,11.598854
DE-BY-000354,96,49.74893,11.51423
DE-BY-000355,98,49.74905,11.510168
DE-BY-000356,19,49.650143,11.440423
DE-BY-000357,23,49.64661,11.436138
DE-BY-000359,31,49.549023,11.320928
DE-BY-000360,31,49.55,11.322947
DE-BY-000361,16,49.423153,11.20547
DE-BY-000362,8,49.42193,11.206846
DE-BY-000363,56,49.35692,11.204489
DE-BY-000364,56,49.357628,11.201993
DE-BY-000365,36,49.220287,11.224359
DE-BY-000366,46,49.221592,11.226559
DE-BY-000368,39,49.130344,11.270374
DE-BY-000369,43,49.13081,11.27284
DE-BY-000370,32,49.044758,11.339201
DE-BY-000371,14,49.04131,11.354105
DE-BY-000373,28,48.951084,11.429694
DE-BY-000374,30,48.952457,11.43179
DE-BY-000375,115,48.837605,11.468318
DE-BY-000376,128,48.83674,11.4726
DE-BY-000377,48,48.681293,11.501833
DE-BY-000378,24,48.68086,11.500386
DE-BY-000379,43,48.611645,11.54251
DE-BY-000380,26,48.61136,11.541155
DE-BY-000381,0,48.5551,11.588401
DE-BY-000384,11,48.46467,11.589161
DE-BY-000385,29,48.46436,11.587925
DE-BY-000386,14,48.388462,11.598424
DE-BY-000388,110,48.335575,11.608196
DE-BY-000389,135,48.337746,11.610251
DE-BY-000390,17,48.276585,11.643071
DE-BY-000391,19,48.276005,11.641627
DE-BY-000392,6,48.36754,11.740956
DE-BY-000393,7,48.367523,11.739795
DE-BY-000395,8,48.437904,11.953787
DE-BY-000396,8,48.437546,11.951679
DE-BY-000397,8,48.617214,12.28501
DE-BY-000398,8,48.618137,12.29252
DE-BY-000401,8,48.651768,12.452399
DE-BY-000402,8,48.650986,12.453391
DE-BY-000403,8,48.689987,12.656263
DE-BY-000404,8,48.69052,12.653704
DE-BY-000405,5,48.80238,12.875095
DE-BY-000406,5,48.801617,12.87704
DE-BY-000407,7,47.782753,12.092431
DE-BY-000409,23,47.73389,12.131898
DE-BY-000410,27,47.73295,12.130931
DE-BY-000411,7,47.71112,12.150311
DE-BY-000412,6,47.701187,12.159561
DE-BY-000413,7,47.68447,12.165313
DE-BY-000414,13,47.684315,12.164577
DE-TH-004201,40,50.992588,10.44575
DE-BY-000415,71,47.611,12.201877
DE-BY-000416,93,47.612392,12.200559
DE-BY-000417,26,50.322906,12.022166
DE-BY-000418,26,50.32497,12.024921
DE-BY-000420,10,50.02737,12.11732
DE-BY-000421,10,50.028843,12.118578
DE-BY-000423,68,49.836586,12.172633
DE-BY-000424,69,49.83971,12.172374
DE-BY-000428,10,49.570675,12.121645
DE-BY-000429,10,49.571465,12.12389
DE-BY-000431,4,49.3685,12.15205
DE-BY-000432,4,49.34775,12.15075
DE-BY-000433,10,49.3296,12.15225
DE-BY-000434,10,49.28807,12.140592
DE-BY-000435,9,49.28774,12.142403
DE-BY-000436,9,49.17357,12.116212
DE-BY-000437,9,49.171955,12.116469
DE-BY-000438,8,49.088963,12.097822
DE-BY-000439,8,49.076115,12.098739
DE-BY-000440,18,48.961082,12.093083
DE-BY-000441,8,48.833515,11.975214
DE-BY-000442,8,48.83299,11.976146
DE-BY-000443,8,48.73926,11.854951
DE-BY-000444,8,48.738968,11.85592
DE-BY-000445,24,48.19584,11.924403
DE-BY-000446,24,48.196014,11.926253
DE-BY-000447,17,48.03682,11.432202
DE-BY-000448,0,48.029476,11.425972
DE-BY-000449,22,47.927963,11.401948
DE-BY-000450,28,47.927017,11.403185
DE-BY-000451,5,47.85144,11.381456
DE-BY-000452,8,47.85109,11.382529
DE-BY-000453,13,47.715126,11.327418
DE-BY-000454,12,47.709408,11.328306
DE-BY-000455,6,47.659023,11.237516
DE-BY-000456,7,47.658634,11.238009
DE-BY-000457,5,47.970966,10.11794
DE-BY-000458,12,48.004475,10.23719
DE-BY-000459,10,48.005898,10.238372
DE-BY-000460,12,48.033436,10.419042
DE-BY-000461,10,48.03425,10.419946
DE-BY-000463,18,48.031136,10.665471
DE-BY-000464,16,48.0287,10.671031
DE-BY-000465,48,48.058956,10.846458
DE-BY-000466,50,48.05854,10.847978
DE-BY-000467,28,48.082977,11.175831
DE-BY-000468,20,48.08412,11.176808
DE-BY-000469,32,48.10968,11.34559
DE-BY-000470,25,48.109547,11.34852
DE-BY-000471,11,48.22689,11.571342
DE-BY-000472,5,48.179794,11.726418
DE-BY-000473,5,48.18044,11.727309
DE-TH-004202,40,50.992653,10.439191
DE-BY-000474,96,48.12432,11.757328
DE-BY-000475,127,48.124065,11.760478
DE-BY-000476,7,48.070816,11.724422
DE-BY-000477,8,48.031624,11.613582
DE-BY-008548,36,49.785343,10.43273
DE-BY-008558,30,49.176476,11.74976
DE-BY-008559,30,49.177612,11.749624
DE-BY-008568,30,48.75788,13.067263
DE-BY-008569,30,48.757107,13.06587
DE-BY-008589,5,50.344788,9.757786
DE-BY-008594,7,49.929802,9.998664
DE-BY-008617,55,47.767902,12.934672
DE-BY-008631,0,48.41544,10.724133
DE-BY-008636,47,48.409622,10.639905
DE-BY-008641,12,48.41237,10.465692
DE-BY-008662,16,48.51769,11.582131
DE-BY-008677,40,49.475525,12.19359
DE-BY-008678,46,49.475033,12.190873
DE-BY-008679,49,48.259357,12.187455
DE-BY-008680,46,48.25802,12.187411
DE-BY-008741,42,49.34227,11.449411
DE-BY-008747,13,48.453453,10.054722
DE-BY-008749,5,48.453037,10.055197
DE-HB-000001,12,53.027943,8.94152
DE-HB-000003,8,53.024254,8.841262
DE-HB-000004,7,53.023113,8.827308
DE-HB-000005,14,53.091087,8.894621
DE-HB-000006,4,53.09149,8.89232
DE-HB-000007,12,53.121174,8.790526
DE-HB-000008,12,53.121613,8.78448
DE-HB-000009,10,53.210625,8.65923
DE-HB-000010,9,53.21116,8.656776
DE-HE-003199,0,50.208694,8.616559
DE-HE-003200,0,50.20846,8.615378
DE-HE-003212,3,50.5885,9.69666
DE-HE-003214,5,50.57529,9.717127
DE-HE-003216,12,50.384277,9.73379
DE-HE-003239,35,51.415806,9.159946
DE-HE-300001,35,50.395313,8.077606
DE-HE-300003,38,50.301254,8.236501
DE-HE-300004,38,50.30008,8.235082
DE-HE-300005,57,50.1694,8.292987
DE-HE-300006,55,50.16373,8.297007
DE-HE-300007,79,50.097176,8.35271
DE-HE-300008,48,50.095238,8.352409
DE-HE-300009,26,50.043343,8.411411
DE-HE-300010,41,50.04241,8.410983
DE-HE-300011,28,50.054283,8.634555
DE-HE-300012,12,50.066048,8.763613
DE-HE-300013,12,50.066975,8.764032
DE-HE-300014,46,50.055004,8.908237
DE-HE-300015,81,50.056046,8.908833
DE-HE-300016,12,50.0027,8.991597
DE-HE-300017,12,50.00371,8.991509
DE-HE-400001,80,51.006115,10.183371
DE-HE-400002,55,51.008945,10.174503
DE-HE-400003,23,50.906094,9.878424
DE-HE-400004,24,50.907696,9.88112
DE-HE-440002,5,51.272213,9.416964
DE-HE-440003,5,51.271656,9.416356
DE-HE-440006,8,51.311855,9.295197
DE-HE-440007,3,51.311584,9.29404
DE-HE-440008,11,51.342392,9.283688
DE-HE-440009,8,51.35547,9.278534
DE-HE-440010,71,51.38207,9.248164
DE-HE-440011,29,51.381504,9.238517
DE-HE-440013,33,51.416157,9.161396
DE-HE-440015,16,51.443672,9.142751
DE-HE-440016,8,51.457798,9.124232
DE-HE-440017,10,51.48467,9.032579
DE-HE-450001,13,50.773468,8.150419
DE-HE-450002,12,50.774124,8.15146
DE-HE-450003,7,50.760193,8.170655
DE-HE-450004,12,50.756035,8.179969
DE-HE-450005,21,50.746258,8.23299
DE-HE-450007,28,50.72488,8.280522
DE-HE-450008,31,50.70881,8.2873
DE-HE-450010,39,50.688175,8.295272
DE-HE-450011,7,50.667908,8.289406
DE-HE-450012,16,50.648216,8.323948
DE-HE-450013,6,50.644375,8.324401
DE-HE-450014,20,50.625595,8.3487
DE-HE-450015,48,50.620777,8.362965
DE-HE-450016,0,50.612904,8.414311
DE-HE-450017,17,50.591747,8.517788
DE-HE-450018,39,50.59177,8.520619
DE-HE-450020,8,50.52716,8.618592
DE-HE-450021,9,50.508244,8.678167
DE-HE-450022,11,50.48294,8.697117
DE-HE-450023,41,50.440548,8.795713
DE-HE-450024,44,50.440647,8.798151
DE-HE-450025,47,50.34691,8.929494
DE-HE-450026,40,50.34263,8.925497
DE-HE-450027,91,50.248055,8.993265
DE-HE-450028,87,50.251163,8.995375
DE-HE-450029,38,50.198315,9.004105
DE-HE-450030,36,50.19867,9.005704
DE-HE-480001,36,50.619522,8.67227
DE-HE-480002,31,50.61987,8.670456
DE-HE-490001,4,51.223694,9.419485
DE-HE-490002,4,51.223167,9.420357
DE-HE-490003,8,51.191315,9.394012
DE-HE-490004,16,51.191853,9.396399
DE-HE-500001,12,50.801155,9.4993
DE-HE-500002,48,50.79298,9.473596
DE-HE-500004,7,50.790253,9.444302
DE-HE-500005,16,50.759995,9.358649
DE-HE-500006,8,50.75704,9.351708
DE-HE-500008,11,50.715836,9.112071
DE-HE-500009,15,50.713802,9.106701
DE-HE-500011,21,50.639626,8.965544
DE-HE-500012,25,50.640564,8.963576
DE-HE-500013,25,50.6227,8.896298
DE-HE-500014,22,50.623363,8.894782
DE-HE-500015,11,50.520824,8.75734
DE-HE-500016,18,50.52045,8.755568
DE-HE-500017,36,50.356453,8.695179
DE-HE-500018,53,50.356556,8.693187
DE-HE-500019,101,50.25124,8.664186
DE-HE-500020,14,50.25346,8.662298
DE-HE-500021,133,50.15501,8.600238
DE-HE-500022,19,50.00217,8.597612
DE-HE-500023,14,50.001842,8.596085
DE-HE-500024,12,49.97438,8.604043
DE-HE-500025,0,49.974457,8.602763
DE-HE-500026,54,49.946655,8.609248
DE-HE-500027,33,49.946293,8.610898
DE-HE-500028,12,49.907337,8.608429
DE-HE-500029,12,49.90743,8.607072
DE-HE-500030,11,49.790684,8.618115
DE-HE-500031,14,49.76766,8.604333
DE-HE-500032,34,49.74638,8.591467
DE-HE-500033,18,49.732704,8.592466
DE-HE-500034,12,49.69726,8.602151
DE-HE-500035,35,49.690315,8.60383
DE-HE-500037,18,49.66322,8.605807
DE-HE-500038,17,49.621284,8.619753
DE-HE-600001,19,49.556244,8.533275
DE-HE-659001,6,49.52643,8.572855
DE-HE-659002,12,49.542465,8.608736
DE-HE-660001,6,50.119766,8.543701
DE-HE-660002,3,50.118095,8.541881
DE-HE-660003,12,50.057426,8.451799
DE-HE-660004,18,50.057472,8.449559
DE-HE-660005,0,50.054253,8.311479
DE-HE-660006,0,50.05541,8.312266
DE-HE-660007,12,50.195354,9.211324
DE-HE-660008,26,50.325306,9.453028
DE-HE-660009,21,50.32755,9.455402
DE-HE-660011,76,50.3885,9.531267
DE-HE-661001,13,50.07783,8.735466
DE-HE-661002,15,50.079655,8.737068
DE-HE-670001,10,50.00673,8.488345
DE-HE-670002,10,50.003353,8.481612
DE-HE-670003,38,49.892433,8.544832
DE-HE-670004,40,49.894363,8.543173
DE-HE-670005,28,49.812973,8.578017
DE-HE-670006,28,49.811596,8.578504
DE-HE-670007,12,49.697475,8.549022
DE-HE-670008,6,49.694664,8.550551
DE-HE-670009,32,49.6433,8.552061
DE-HE-670010,51,49.64408,8.553497
DE-HE-670011,28,49.595795,8.559411
DE-HE-671001,2,50.026577,8.309976
DE-HE-700001,4,51.320267,9.564388
DE-HE-700004,181,51.26825,9.521405
DE-HE-700006,13,51.18079,9.474417
DE-HE-700007,50,51.176884,9.471978
DE-HE-700009,108,51.035908,9.48673
DE-HE-700010,38,51.03538,9.488825
DE-HE-700011,33,50.945194,9.53085
DE-HE-700012,33,50.93954,9.540561
DE-HE-700013,10,50.830666,9.57629
DE-HE-700015,3,50.790154,9.549437
DE-HE-700016,5,50.783527,9.556546
DE-HE-700017,4,50.761185,9.600705
DE-HE-700018,8,50.74838,9.629496
DE-HE-700019,65,50.713924,9.661454
DE-HE-700020,63,50.711758,9.661786
DE-HE-700021,9,50.684647,9.683599
DE-HE-700022,3,50.684647,9.682639
DE-HE-700023,5,50.650635,9.681117
DE-HE-700024,21,50.624657,9.677928
DE-HE-700025,27,50.606842,9.680559
DE-HE-700029,5,50.558346,9.730901
DE-HE-700030,6,50.54505,9.730199
DE-HE-700031,28,50.509373,9.738828
DE-HE-700032,8,50.47285,9.712299
DE-HE-700033,7,50.462143,9.721538
DE-HE-700036,101,50.41894,9.736949
DE-HE-700037,24,50.418434,9.734381
DE-HE-700038,8,50.399426,9.731638
DE-HH-000004,22,53.483807,10.026519
DE-HH-000005,46,53.484406,10.024803
DE-HH-000008,12,53.42406,9.966342
DE-HH-000009,11,53.42411,9.963727
DE-MV-001321,17,53.600903,12.36833
DE-MV-001322,17,53.601795,12.366184
DE-MV-001344,13,53.38276,11.523919
DE-MV-001346,19,53.383404,11.527373
DE-MV-001348,15,53.227684,11.590338
DE-MV-001350,15,53.22651,11.588572
DE-MV-140005,13,53.538227,11.468909
DE-MV-140006,13,53.533955,11.469143
DE-MV-140009,6,53.79239,11.605272
DE-MV-140010,10,53.79046,11.60912
DE-MV-190001,8,53.29863,12.471673
DE-MV-190002,10,53.29438,12.472107
DE-MV-190004,11,53.380177,12.455181
DE-MV-190005,10,53.384304,12.453255
DE-MV-190016,26,53.839752,12.287513
DE-MV-190017,26,53.840252,12.291574
DE-MV-190018,8,53.90348,12.246324
DE-MV-190021,9,53.96991,12.196844
DE-MV-190022,9,53.96751,12.198272
DE-MV-190023,15,53.711086,12.358615
DE-MV-190024,15,53.714478,12.355658
DE-MV-200001,34,53.816067,10.878478
DE-MV-200002,21,53.81447,10.878133
DE-MV-200003,22,53.827778,11.252555
DE-MV-200004,22,53.8264,11.252021
DE-MV-200005,29,53.85311,11.380285
DE-MV-200006,22,53.852142,11.376736
DE-MV-200007,20,53.872208,11.641251
DE-MV-200008,20,53.870964,11.642089
DE-MV-200009,25,53.910908,11.758098
DE-MV-200010,25,53.90878,11.757202
DE-MV-200011,10,53.99485,11.943596
DE-MV-200012,10,53.993443,11.944389
DE-MV-200013,10,54.019234,12.162623
DE-MV-200014,10,54.021015,12.167383
DE-MV-200015,10,54.03939,12.369409
DE-MV-200016,10,54.037823,12.368523
DE-MV-200017,24,54.0542,12.628889
DE-MV-200019,5,54.078117,12.862403
DE-MV-200020,5,54.077145,12.874382
DE-MV-200021,6,54.07974,13.154081
DE-MV-200022,5,54.078854,13.153671
DE-MV-200023,10,53.99819,13.318669
DE-MV-200024,10,53.997242,13.316286
DE-MV-200025,35,53.85639,13.334251
DE-MV-200027,6,53.620754,13.36681
DE-MV-200028,6,53.620632,13.368432
DE-MV-200029,30,53.5503,13.594277
DE-MV-200031,10,53.52052,13.779624
DE-MV-200032,10,53.520123,13.777388
DE-MV-240001,42,53.511044,10.852951
DE-MV-240007,12,53.462463,11.341879
DE-MV-240008,12,53.463318,11.343828
DE-MV-240013,8,53.370144,11.651732
DE-MV-240014,9,53.370773,11.652462
DE-MV-240015,44,53.36817,11.729804
DE-MV-240016,20,53.366722,11.729118
DE-MV-240017,20,53.496,11.128524
DE-MV-240018,20,53.494713,11.125861
DE-NI-005229,50,52.954494,8.554095
DE-NI-005250,204,52.388397,9.997048
DE-NI-005252,121,52.42206,9.553318
DE-NI-005298,47,52.191017,10.398107
DE-NI-005299,47,52.189213,10.397547
DE-NI-005312,5,53.009914,9.92731
DE-NI-005314,66,52.96294,9.901836
DE-NI-005317,0,52.93176,9.841387
DE-NI-005318,5,52.92955,9.833513
DE-NI-005319,5,52.86826,9.737624
DE-NI-005323,5,52.641304,9.713592
DE-NI-005324,0,52.638775,9.714663
DE-NI-005328,59,52.059097,10.192814
DE-NI-005329,41,52.05821,10.190954
DE-NI-005331,9,51.977642,10.151856
DE-NI-005332,25,51.97724,10.150365
DE-NI-005334,20,51.804356,10.089755
DE-NI-005355,40,52.386555,9.999511
DE-NI-221701,14,53.72642,8.66139
DE-NI-221702,14,53.710377,8.663991
DE-NI-231701,13,53.608803,8.65829
DE-NI-231702,17,53.60751,8.658958
DE-NI-251701,5,53.47797,8.61627
DE-NI-251702,5,53.47763,8.617279
DE-NI-261401,13,53.3903,8.11258
DE-NI-261402,11,53.38568,8.115704
DE-NI-261701,10,53.35933,8.58491
DE-NI-261702,10,53.34166,8.60692
DE-NI-262301,66,53.299282,9.535047
DE-NI-262302,35,53.342873,9.65628
DE-NI-262305,31,53.3002,9.533484
DE-NI-262401,28,53.365383,9.737641
DE-NI-262402,35,53.348667,9.672029
DE-NI-262403,34,53.36657,9.736326
DE-NI-262501,10,53.37792,9.9515
DE-NI-262502,12,53.39037,9.88129
DE-NI-262503,12,53.38399,9.87501
DE-NI-262504,13,53.37818,9.95964
DE-NI-262601,60,53.331295,10.042761
DE-NI-262602,45,53.347797,10.039049
DE-NI-262701,14,53.34491,10.170258
DE-NI-262702,14,53.34586,10.170879
DE-NI-262703,21,53.331978,10.268947
DE-NI-262704,20,53.33083,10.268829
DE-NI-271001,12,53.222637,7.371093
DE-NI-271002,20,53.22168,7.37146
DE-NI-271101,12,53.258884,7.586416
DE-NI-271102,6,53.25896,7.578189
DE-NI-271201,12,53.276215,7.810624
DE-NI-271202,12,53.272995,7.801532
DE-NI-271401,12,53.24799,8.008881
DE-NI-271402,11,53.29553,8.146304
DE-NI-271403,11,53.296917,8.147097
DE-NI-271404,12,53.247585,8.006249
DE-NI-271405,4,53.20935,8.06641
DE-NI-271406,0,53.20902,8.07042
DE-NI-272101,30,53.200615,9.297143
DE-NI-272102,28,53.20173,9.296064
DE-NI-272201,34,53.255383,9.42786
DE-NI-272202,33,53.25518,9.430298
DE-NI-272601,3,53.253242,10.088024
DE-NI-272602,32,53.231388,10.077834
DE-NI-272603,10,53.226723,10.075363
DE-NI-272604,3,53.291565,10.077657
DE-NI-281401,7,53.16253,8.131811
DE-NI-281402,9,53.166916,8.12173
DE-NI-281501,32,53.1836,8.260259
DE-NI-281502,32,53.182434,8.26351
DE-NI-282501,6,53.136765,9.997775
DE-NI-282601,120,53.11109,9.981701
DE-NI-282602,7,53.148067,10.023583
DE-NI-282603,74,53.110374,9.985059
DE-NI-290901,12,53.085983,7.241796
DE-NI-290902,12,53.086887,7.239503
DE-NI-291501,22,53.041195,8.220865
DE-NI-291502,8,53.077545,8.319014
DE-NI-291503,7,53.070873,8.330983
DE-NI-291504,22,53.045452,8.220656
DE-NI-291601,6,53.05821,8.41201
DE-NI-291602,7,53.05813,8.39169
DE-NI-291701,11,53.05472,8.50059
DE-NI-291702,6,53.03486,8.59868
DE-NI-291703,6,53.03499,8.60108
DE-NI-291704,11,53.05556,8.50228
DE-NI-291804,20,53.02085,8.68814
DE-NI-292003,5,53.05207,9.01387
DE-NI-292004,0,53.0146,9.103378
DE-NI-292006,12,53.05186,9.02342
DE-NI-292101,95,53.08876,9.177642
DE-NI-292102,96,53.000374,9.181362
DE-NI-292103,89,52.99831,9.181296
DE-NI-292104,50,53.09023,9.176666
DE-NI-292502,9,53.03322,9.94711
DE-NI-300901,5,52.92288,7.25453
DE-NI-300902,5,52.94065,7.25261
DE-NI-301501,7,52.91241,8.16627
DE-NI-301502,6,52.915073,8.166094
DE-NI-301601,30,52.91386,8.426543
DE-NI-301602,7,52.91204,8.38044
DE-NI-301603,5,52.90814,8.36355
DE-NI-301604,30,52.915028,8.422995
DE-NI-301701,6,52.96665,8.60085
DE-NI-301702,5,52.96345,8.59365
DE-NI-301703,50,52.947548,8.53599
DE-NI-301704,4,52.93696,8.506715
DE-NI-301705,7,52.93517,8.50538
DE-NI-301706,5,52.992584,8.656168
DE-NI-301801,51,52.997875,8.666029
DE-NI-302401,5,52.90497,9.79001
DE-NI-302504,38,52.96175,9.894517
DE-NI-311501,50,52.883163,8.277545
DE-NI-311502,5,52.84204,8.21977
DE-NI-311503,4,52.82912,8.21564
DE-NI-311504,50,52.886154,8.282642
DE-NI-312201,51,52.88286,9.474207
DE-NI-312202,15,52.886463,9.452918
DE-NI-312303,6,52.82437,9.60895
DE-NI-312402,43,52.810658,9.67946
DE-NI-312403,40,52.81017,9.680392
DE-NI-312404,10,52.884773,9.757141
DE-NI-320901,20,52.78806,7.16902
DE-NI-320902,20,52.79676,7.17348
DE-NI-321501,51,52.7814,8.19872
DE-NI-321502,32,52.71445,8.17223
DE-NI-321503,34,52.70949,8.17348
DE-NI-321504,56,52.7852,8.19949
DE-NI-322301,32,52.796635,9.652737
DE-NI-330901,36,52.63525,7.19042
DE-NI-330902,36,52.63528,7.19157
DE-NI-331403,33,52.61286,8.12588
DE-NI-332401,49,52.695484,9.688118
DE-NI-332404,69,52.6954,9.685471
DE-NI-340901,35,52.52729,7.19907
DE-NI-340902,35,52.52898,7.19721
DE-NI-341401,84,52.53661,8.1136
DE-NI-341406,85,52.541275,8.111812
DE-NI-342401,50,52.576065,9.776842
DE-NI-342402,25,52.50329,9.82437
DE-NI-342403,31,52.50596,9.825498
DE-NI-342404,13,52.51088,9.768997
DE-NI-342405,16,52.505825,9.758892
DE-NI-342406,50,52.575752,9.774285
DE-NI-351402,43,52.422203,8.030176
DE-NI-351403,34,52.41399,8.032026
DE-NI-352301,50,52.421417,9.565118
DE-NI-352401,42,52.430973,9.696235
DE-NI-352402,31,52.426624,9.755352
DE-NI-352403,22,52.426678,9.823702
DE-NI-352404,39,52.42657,9.819886
DE-NI-352502,9,52.41023,9.897723
DE-NI-360801,86,52.33615,7.10563
DE-NI-360802,95,52.33556,7.10575
DE-NI-360803,73,52.31333,7.04368
DE-NI-360901,26,52.39049,7.24648
DE-NI-360902,29,52.39318,7.24564
DE-NI-361001,33,52.3384,7.40849
DE-NI-361002,34,52.34182,7.39794
DE-NI-361301,44,52.319675,7.958455
DE-NI-361302,27,52.318745,7.959763
DE-NI-362201,175,52.348076,9.420964
DE-NI-362202,62,52.345917,9.422876
DE-NI-362501,37,52.333527,9.865505
DE-NI-362502,30,52.337734,9.8638
DE-NI-362602,62,52.359882,10.155308
DE-NI-362603,61,52.36059,10.165003
DE-NI-362801,94,52.338795,10.360472
DE-NI-362802,69,52.34062,10.35505
DE-NI-362901,20,52.31011,10.653812
DE-NI-363001,49,52.307297,10.700518
DE-NI-363101,48,52.306442,10.843638
DE-NI-363102,71,52.304817,10.842321
DE-NI-370901,29,52.28584,7.21983
DE-NI-370902,28,52.28101,7.19805
DE-NI-371501,32,52.2251,8.20088
DE-NI-371502,31,52.22436,8.20028
DE-NI-372001,4,52.21902,9.055618
DE-NI-372002,34,52.21765,9.054136
DE-NI-372101,91,52.223362,9.222244
DE-NI-372102,135,52.2265,9.23209
DE-NI-372103,17,52.26202,9.314116
DE-NI-372104,6,52.21577,9.16833
DE-NI-372105,29,52.257984,9.307398
DE-NI-372501,12,52.23891,9.93031
DE-NI-372502,13,52.23875,9.92953
DE-NI-372901,34,52.251534,10.629008
DE-NI-372902,36,52.25019,10.631731
DE-NI-373201,110,52.22107,11.055149
DE-NI-373202,15,52.233,11.02377
DE-NI-373203,27,52.2219,11.0488
DE-NI-373204,32,52.220276,11.053709
DE-NI-381401,40,52.170547,8.154817
DE-NI-381402,40,52.1711,8.15633
DE-NI-381601,48,52.1962,8.38431
DE-NI-381602,53,52.19714,8.38818
DE-NI-382601,41,52.126244,10.051571
DE-NI-382603,35,52.128002,10.050424
DE-NI-392901,23,52.038727,10.514837
DE-NI-392902,18,52.04813,10.508176
DE-NI-402603,64,51.92654,10.14417
DE-NI-402604,63,51.92791,10.14158
DE-NI-412601,109,51.85606,10.126013
DE-NI-412603,76,51.856277,10.123947
DE-NI-422501,34,51.715725,9.940749
DE-NI-422502,35,51.717216,9.943555
DE-NI-422601,29,51.77983,10.031721
DE-NI-422602,10,51.78121,10.03485
DE-NI-432501,45,51.603,9.906407
DE-NI-432502,44,51.605797,9.905052
DE-NI-452501,37,51.489048,9.877499
DE-NI-452502,44,51.4938,9.876115
DE-NI-462301,48,51.349358,9.606644
DE-NI-462401,8,51.394657,9.777298
DE-NI-462402,7,51.396626,9.669324
DE-NI-462403,11,51.3958,9.780185
DE-NW-000001,7,52.24424,7.901819
DE-NW-000002,8,52.243908,7.898871
DE-TH-004211,146,51.00798,10.252403
DE-NW-000003,57,52.233414,7.881323
DE-TH-009011,29,50.960533,11.849936
DE-TH-009021,81,50.87027,11.848698
DE-TH-009022,71,50.87099,11.850361
DE-TH-009031,13,50.75879,11.873986
DE-TH-009032,15,50.757862,11.871204
DE-TH-009041,40,50.58252,11.777162
DE-TH-009042,34,50.582214,11.778867
DE-TH-009052,20,50.426846,11.795269
DE-NW-000004,48,52.231773,7.877944
DE-NW-000005,10,52.20825,7.833634
DE-NW-000006,8,52.209,7.832927
DE-NW-000007,7,52.19665,7.800089
DE-TH-009056,43,50.429745,11.797721
DE-NW-000008,8,52.19492,7.799072
DE-NW-000009,7,52.179913,7.781128
DE-NW-000010,18,52.17001,7.761025
DE-NW-000012,7,52.137875,7.724666
DE-NW-000013,6,52.13252,7.721349
DE-TH-038011,13,51.408287,10.180752
DE-NW-000014,7,52.099957,7.676586
DE-NW-000015,9,52.09253,7.657085
DE-NW-000018,33,52.031918,7.603592
DE-NW-000019,21,52.032402,7.601946
DE-NW-000020,28,51.94532,7.548184
DE-TH-038012,48,51.409966,10.175304
DE-NW-000021,28,51.941513,7.551363
DE-NW-000026,29,51.77376,7.639067
DE-NW-000027,15,51.774067,7.640558
DE-NW-000028,7,51.749153,7.646825
DE-NW-000029,7,51.749454,7.647971
DE-NW-000031,11,51.67496,7.680541
DE-NW-000032,10,51.67369,7.679698
DE-NW-000033,6,51.619766,7.689999
DE-NW-000034,6,51.61943,7.689007
DE-NW-000035,175,51.467766,7.596171
DE-NW-000036,20,51.468246,7.594484
DE-NW-000037,30,51.41158,7.499418
DE-NW-000038,23,51.373962,7.421348
DE-NW-000039,17,51.37209,7.413712
DE-NW-000040,26,51.32849,7.315643
DE-NW-000041,45,51.32692,7.309658
DE-NW-000042,22,51.265793,7.248836
DE-NW-000043,12,51.265343,7.244723
DE-NW-000044,25,51.15797,7.228907
DE-NW-000045,13,51.158512,7.227286
DE-NW-000046,60,50.85769,6.806173
DE-NW-000047,55,50.857685,6.804703
DE-NW-000048,15,50.74168,6.801141
DE-NW-000049,15,50.74181,6.799866
DE-NW-000050,54,50.608112,6.711202
DE-NW-000051,58,50.608456,6.710019
DE-NW-000052,15,50.489594,6.674769
DE-NW-000053,14,50.488426,6.674235
DE-NW-000055,31,52.211166,8.930938
DE-NW-000057,16,52.10213,8.720686
DE-NW-000058,16,52.102577,8.719765
DE-NW-000059,96,52.07206,8.664697
DE-NW-000060,8,52.019463,8.633352
DE-NW-000061,109,52.018097,8.63481
DE-NW-000062,17,51.92929,8.531934
DE-NW-000063,11,51.92779,8.529509
DE-NW-000064,27,51.895893,8.45633
DE-NW-000065,27,51.89323,8.452703
DE-NW-000066,21,51.86532,8.370255
DE-NW-000067,22,51.86607,8.369127
DE-NW-000069,13,51.826424,8.199931
DE-NW-000070,13,51.82594,8.200147
DE-NW-000071,34,51.792152,8.073599
DE-NW-000072,28,51.791523,8.074788
DE-NW-000073,30,51.723858,7.981132
DE-NW-000074,33,51.723843,7.979269
DE-NW-000076,8,51.670986,7.935891
DE-NW-000077,82,51.63031,7.873864
DE-TH-038021,35,51.40278,10.415664
DE-NW-000078,106,51.63175,7.873202
DE-NW-000079,20,51.606388,7.735554
DE-NW-000080,5,51.589565,7.587438
DE-NW-000081,46,51.582264,7.431308
DE-NW-000082,22,51.59961,7.334316
DE-NW-000083,37,51.581573,7.178113
DE-NW-000084,33,51.5803,7.179254
DE-NW-000085,96,51.57096,7.100454
DE-NW-000086,16,51.569954,7.100375
DE-NW-000087,29,51.55719,7.029778
DE-NW-000088,42,51.54004,6.886749
DE-NW-000089,30,51.540867,6.884396
DE-NW-000090,28,51.897774,6.165202
DE-NW-000091,6,51.873993,6.195429
DE-NW-000092,34,50.899277,7.151877
DE-NW-000093,23,50.897903,7.15294
DE-NW-000094,6,51.845882,6.307799
DE-NW-000095,5,51.842102,6.344189
DE-NW-000096,5,51.82734,6.381738
DE-NW-000097,47,50.808952,7.219981
DE-NW-000098,32,50.806786,7.220108
DE-NW-000099,5,51.82092,6.427106
DE-NW-000100,6,51.8093,6.46347
DE-NW-000101,8,51.782097,6.50722
DE-NW-000102,9,51.778442,6.514952
DE-NW-000103,5,51.76266,6.550349
DE-NW-000104,6,51.753822,6.566998
DE-NW-000105,15,50.6751,7.296315
DE-NW-000106,40,50.674324,7.295586
DE-NW-000107,5,51.72341,6.615906
DE-NW-000108,20,51.705013,6.640767
DE-NW-000109,0,51.67808,6.708432
DE-NW-000110,10,51.677536,6.707549
DE-NW-000111,40,51.636635,6.746901
DE-NW-000112,24,51.635628,6.745267
DE-NW-000113,10,51.609142,6.777819
DE-NW-000114,9,51.57795,6.795308
DE-NW-000115,6,51.367252,6.827383
DE-NW-000116,4,51.36594,6.827123
DE-NW-000117,43,51.326473,6.89077
DE-NW-000120,25,51.15775,6.963882
DE-NW-000121,20,51.158203,6.961662
DE-NW-000122,17,51.085686,6.989186
DE-NW-000123,17,51.085335,6.987803
DE-NW-000127,32,52.260387,7.848374
DE-NW-000128,32,52.261475,7.847362
DE-NW-000130,16,51.68338,6.919414
DE-NW-000131,8,51.683514,6.921108
DE-NW-000132,8,51.783306,6.9672
DE-NW-000133,16,51.783302,6.969106
DE-NW-000134,58,51.89099,7.021255
DE-NW-000135,88,51.89852,7.023209
DE-NW-000136,12,52.002712,7.051405
DE-NW-000137,12,52.00565,7.051114
DE-NW-000138,11,52.099216,7.084978
DE-NW-000139,12,52.103745,7.08642
DE-NW-000140,12,52.224827,7.13846
DE-NW-000141,12,52.224354,7.139647
DE-NW-000142,8,51.627125,8.724744
DE-NW-000143,8,51.6295,8.72475
DE-NW-000145,7,51.75808,8.692827
DE-NW-000146,6,51.758102,8.693909
DE-NW-000147,58,51.83842,8.683584
DE-NW-000148,50,51.838352,8.685614
DE-NW-000149,65,50.81756,6.02505
DE-NW-000151,105,50.81834,6.214148
DE-NW-000152,90,50.816936,6.216436
DE-NW-000153,119,50.835793,6.42299
DE-NW-000154,124,50.83491,6.423109
DE-NW-000155,51,50.9292,6.774174
DE-TH-038022,35,51.404278,10.415808
DE-NW-000156,40,50.928467,6.778489
DE-NW-000158,3,50.946747,7.113233
DE-NW-000159,3,50.946163,7.113735
DE-NW-000160,4,50.952965,7.1971
DE-NW-000161,3,50.952003,7.200005
DE-TH-038031,17,51.433895,10.622489
DE-NW-000162,24,50.952263,7.318386
DE-NW-000163,24,50.951267,7.320095
DE-NW-000164,5,50.967613,7.363658
DE-TH-038032,12,51.434727,10.623396
DE-NW-000165,5,50.96561,7.359652
DE-NW-000166,10,50.978497,7.448359
DE-NW-000167,10,50.98008,7.442906
DE-NW-000168,6,50.97623,7.503375
DE-NW-000169,10,50.971466,7.550099
DE-NW-000170,10,50.970592,7.552429
DE-NW-000171,15,50.965916,7.692341
DE-NW-000172,15,50.964966,7.690674
DE-NW-000173,0,51.38318,6.217604
DE-NW-000174,18,51.47602,7.152488
DE-NW-000176,15,51.388653,6.31657
DE-NW-000177,15,51.38925,6.320275
DE-NW-000178,0,51.497078,7.332819
DE-NW-000179,24,51.494,7.340313
DE-NW-000180,56,51.423397,6.500906
DE-NW-000181,44,51.423843,6.49883
DE-TH-038041,30,51.47184,10.778745
DE-NW-000183,39,51.559116,7.273942
DE-NW-000184,39,51.5582,7.275106
DE-NW-000185,6,51.34044,7.270594
DE-NW-000186,6,51.349556,7.275541
DE-TH-038042,52,51.472576,10.779848
DE-NW-000187,8,51.373302,7.267717
DE-NW-000188,43,51.63852,7.171133
DE-NW-000189,45,51.63866,7.169631
DE-NW-000190,8,51.681717,7.156534
DE-TH-071031,15,51.129517,11.166041
DE-NW-000191,9,51.685863,7.152359
DE-NW-000192,11,51.77142,7.176807
DE-NW-000193,11,51.77162,7.175197
DE-NW-000194,40,51.869114,7.323765
DE-NW-000195,40,51.8811,7.348679
DE-NW-000197,36,50.718933,6.120452
DE-NW-000198,35,50.717323,6.119526
DE-NW-000199,11,50.767952,6.172397
DE-NW-000200,13,50.767605,6.173051
DE-NW-000201,8,50.78495,6.174625
DE-NW-000202,5,50.783173,6.17659
DE-NW-000203,51,50.93011,6.338109
DE-NW-000204,53,50.93113,6.339803
DE-NW-000205,15,51.017708,6.427033
DE-NW-000206,15,51.017147,6.428392
DE-NW-000207,8,51.53754,8.87192
DE-NW-000208,8,51.536747,8.871801
DE-NW-000209,19,51.554565,8.800198
DE-NW-000210,17,51.553734,8.799536
DE-NW-000211,12,51.5883,8.647659
DE-NW-000212,11,51.58895,8.647634
DE-NW-000213,50,51.2862,6.582988
DE-NW-000214,54,51.285202,6.582739
DE-NW-000215,9,51.59666,8.570427
DE-NW-000216,9,51.597603,8.530958
DE-NW-000218,111,51.595432,8.486606
DE-NW-000220,8,51.586845,8.372824
DE-NW-000221,9,51.58472,8.351255
DE-NW-000222,11,51.58192,8.279032
DE-NW-000223,11,51.58243,8.278475
DE-NW-000224,8,51.568466,8.204139
DE-NW-000225,9,51.56901,8.203363
DE-NW-000226,21,51.54839,8.13285
DE-NW-000227,20,51.54759,8.133713
DE-NW-000228,41,51.541748,8.018832
DE-NW-000229,43,51.54089,8.019697
DE-NW-000230,114,51.53334,7.862336
DE-NW-000231,104,51.53247,7.862297
DE-NW-000232,19,51.524685,7.792563
DE-NW-000233,14,51.525265,7.791761
DE-NW-000234,25,51.528465,7.737071
DE-NW-000235,20,51.52909,7.737034
DE-NW-000236,9,51.48809,7.926416
DE-NW-000237,10,51.487804,7.927873
DE-NW-000238,43,51.536358,7.368555
DE-NW-000239,48,51.53699,7.369944
DE-NW-000240,4,51.442623,7.441425
DE-NW-000241,4,51.44323,7.44202
DE-NW-000245,11,51.288284,7.568997
DE-NW-000246,17,51.288876,7.571947
DE-NW-000251,68,51.22226,7.667644
DE-NW-000253,22,51.189938,7.657669
DE-NW-000254,29,51.18968,7.659238
DE-NW-000255,40,51.153145,7.665451
DE-NW-000256,19,51.15292,7.668797
DE-NW-000257,21,51.12277,7.668707
DE-NW-000258,29,51.118908,7.66542
DE-NW-000259,36,51.07849,7.696878
DE-NW-000260,33,51.074554,7.696829
DE-NW-000261,11,51.04536,7.796529
DE-NW-000262,12,51.043915,7.79929
DE-NW-000263,12,51.005726,7.833556
DE-NW-000264,8,51.002914,7.835162
DE-NW-000266,8,50.949753,7.861409
DE-NW-000267,16,50.94448,7.876537
DE-NW-000268,31,50.933544,7.882552
DE-NW-000269,11,50.89162,7.926864
DE-NW-000270,13,50.892223,7.927214
DE-NW-000271,58,50.880676,7.935211
DE-NW-000272,62,50.87737,7.946505
DE-NW-000273,16,50.835552,8.014278
DE-NW-000274,13,50.835743,8.017269
DE-NW-000280,4,51.36874,7.592659
DE-NW-000281,3,51.375565,7.640554
DE-NW-000282,3,51.375374,7.64487
DE-NW-000283,12,51.0987,6.361959
DE-NW-000284,12,51.099514,6.361182
DE-NW-000285,30,51.129673,6.603633
DE-NW-000286,30,51.125042,6.600975
DE-NW-000287,8,51.432625,8.031916
DE-NW-000288,8,51.43057,8.043287
DE-NW-000290,20,51.205624,7.017974
DE-NW-000291,17,51.206215,7.016739
DE-NW-000292,9,51.295895,7.21441
DE-NW-000293,9,51.296383,7.21347
DE-NW-000294,9,51.30628,7.233818
DE-NW-000295,11,51.218876,6.402844
DE-NW-000296,11,51.220135,6.404328
DE-NW-000297,41,51.2366,6.512063
DE-NW-000298,36,51.237602,6.51226
DE-NW-000299,3,51.30928,6.81574
DE-NW-000300,11,51.372925,6.891218
DE-NW-000301,5,51.38361,6.917687
DE-NW-000303,59,50.7866,6.845359
DE-NW-000304,59,50.787273,6.844534
DE-NW-000305,30,51.65198,6.198643
DE-NW-000306,26,51.653297,6.198477
DE-NW-000307,17,51.577812,6.413705
DE-NW-000308,17,51.570667,6.449131
DE-NW-000309,15,51.557396,6.528202
DE-NW-000310,15,51.558315,6.528193
DE-NW-000311,16,51.470303,6.587678
DE-NW-000312,20,51.475384,6.586323
DE-NW-000313,21,51.312088,6.632403
DE-NW-000314,40,51.31138,6.634487
DE-NW-000315,16,51.2087,6.648964
DE-NW-000316,16,51.206177,6.648716
DE-NW-000317,41,51.1234,6.79609
DE-NW-000318,73,51.125004,6.796873
DE-NW-000319,12,51.02507,6.850263
DE-NW-000320,10,51.02496,6.851728
DE-NW-000321,51,51.12569,6.913346
DE-NW-000322,14,50.898346,7.082711
DE-NW-000323,17,50.89792,7.085377
DE-NW-000324,53,51.108997,6.920029
DE-NW-000326,30,51.004375,6.520464
DE-TH-071032,15,51.129013,11.167846
DE-NW-000327,30,51.005478,6.521123
DE-NW-000328,28,50.73679,6.873607
DE-NW-000329,28,50.73777,6.874375
DE-NW-000330,36,50.643394,6.94166
DE-TH-071041,27,50.93959,10.95543
DE-NW-000331,37,50.644203,6.942595
DE-NW-007344,30,52.211002,8.93401
DE-NW-007351,55,50.86035,7.212413
DE-NW-007355,30,51.23736,6.911063
DE-TH-071042,29,50.939186,10.953972
DE-NW-007356,33,51.236977,6.909185
DE-NW-007365,14,50.803326,6.138967
DE-NW-007380,112,51.59321,8.488193
DE-NW-007383,63,51.222893,7.669723
DE-NW-007388,48,50.96317,7.846078
DE-NW-007398,24,51.37036,8.401825
DE-NW-007399,24,51.371243,8.405983
DE-NW-007417,14,51.498447,8.984948
DE-NW-007419,14,51.499203,8.986194
DE-RP-000001,5,50.154896,6.881746
DE-RP-000002,10,50.140305,6.869595
DE-RP-000003,35,50.070053,6.880401
DE-RP-000004,36,50.06865,6.880559
DE-RP-000005,3,50.03123,6.915602
DE-RP-000006,16,49.994625,6.926285
DE-RP-000007,9,49.92029,6.857791
DE-RP-000008,8,49.920574,6.856416
DE-RP-000009,7,49.8735,6.830569
DE-RP-000010,7,49.87445,6.830685
DE-RP-000011,12,49.783634,6.813622
DE-RP-000012,8,49.784966,6.819342
DE-RP-000013,36,49.69059,6.898913
DE-RP-000014,35,49.69017,6.897348
DE-RP-000015,0,49.639698,6.923897
DE-RP-000016,2,49.640335,6.923155
DE-RP-000017,3,50.63714,7.35835
DE-RP-000018,20,50.615494,7.418667
DE-RP-000019,36,50.598713,7.434486
DE-RP-000020,16,50.581566,7.479196
DE-RP-000021,25,50.555172,7.572293
DE-RP-000022,44,50.54803,7.585202
DE-RP-000023,16,50.52307,7.674307
DE-RP-000024,19,50.521526,7.694188
DE-RP-000025,20,50.496655,7.733171
DE-RP-000027,69,50.447716,7.850274
DE-RP-000028,41,50.454617,7.873174
DE-RP-000029,9,50.422894,7.928199
DE-RP-000031,6,50.446003,7.688509
DE-RP-000032,5,50.447464,7.679317
DE-RP-000033,18,50.43864,7.647053
DE-TH-071051,8,50.83779,11.010152
DE-RP-000034,16,50.427113,7.623173
DE-RP-000035,5,50.416595,7.610633
DE-RP-000036,0,50.406918,7.599665
DE-RP-000037,8,50.37957,7.532706
DE-RP-000038,8,50.372505,7.512789
DE-RP-000039,9,50.341396,7.444367
DE-RP-000041,7,50.328632,7.393563
DE-RP-000042,8,50.32811,7.384479
DE-RP-000043,5,50.315605,7.336002
DE-RP-000044,15,50.31321,7.297445
DE-RP-000045,45,50.265785,7.227167
DE-RP-000046,38,50.266483,7.225175
DE-RP-000047,5,50.2314,7.193102
DE-RP-000048,6,50.23037,7.186394
DE-RP-000049,7,50.21636,7.120489
DE-RP-000050,7,50.21931,7.111917
DE-RP-000051,12,50.241295,7.042179
DE-RP-000052,6,50.234364,7.022726
DE-RP-000053,4,50.19351,6.931796
DE-RP-000054,4,50.192585,6.925335
DE-RP-000055,0,49.552338,8.253877
DE-RP-000057,31,49.541805,8.124484
DE-RP-000058,37,49.527317,8.070841
DE-RP-000059,11,49.515022,8.028047
DE-RP-000060,24,49.51486,8.025783
DE-RP-000061,11,49.490177,7.953978
DE-RP-000062,6,49.47772,7.913989
DE-RP-000063,8,49.457504,7.847042
DE-RP-000064,3,49.45653,7.845788
DE-RP-000065,9,49.424057,7.612108
DE-RP-000067,7,49.40049,7.471916
DE-RP-000068,10,49.398003,7.461986
DE-RP-000069,8,49.383896,7.42682
DE-RP-000070,7,49.380844,7.421185
DE-RP-000071,34,49.372833,7.374645
DE-TH-071052,8,50.836407,11.011035
DE-RP-000072,15,50.002098,8.108821
DE-RP-000073,25,50.001232,8.110011
DE-RP-000074,11,50.231678,6.185787
DE-RP-000075,0,50.228947,6.187944
DE-RP-000076,7,50.203514,6.339022
DE-RP-000077,6,50.203045,6.33882
DE-RP-000078,7,50.125336,6.429878
DE-RP-000079,7,50.12435,6.428839
DE-RP-000080,24,50.049625,6.493035
DE-RP-000081,25,50.049347,6.491049
DE-RP-000082,8,50.020847,6.634011
DE-RP-000083,8,50.020073,6.634598
DE-RP-000084,8,49.968914,6.836991
DE-RP-000085,9,49.968452,6.835734
DE-RP-000086,11,50.58144,7.059737
DE-RP-000087,2,50.5727,7.133672
DE-RP-000088,2,50.573154,7.13435
DE-RP-000089,8,50.51499,7.202584
DE-RP-000090,13,50.51592,7.20235
DE-RP-000091,52,50.440903,7.223949
DE-RP-000092,140,50.44065,7.226826
DE-RP-000093,5,50.38933,7.255269
DE-RP-000094,7,50.38981,7.25564
DE-RP-000096,7,50.395535,7.319645
DE-RP-000097,7,50.394943,7.320102
DE-RP-000099,22,50.389942,7.367986
DE-RP-000100,12,50.390633,7.369387
DE-RP-000101,6,50.364,7.427821
DE-RP-000102,7,50.364464,7.428537
DE-RP-000104,17,50.334934,7.512585
DE-RP-000105,17,50.338257,7.512081
DE-RP-000106,0,50.317417,7.497926
DE-RP-000107,13,50.31677,7.498438
DE-RP-000108,18,50.288914,7.511209
DE-RP-000109,16,50.288654,7.512206
DE-RP-000110,30,50.266754,7.510221
DE-RP-000111,36,50.266975,7.512432
DE-RP-000112,30,50.2046,7.573755
DE-RP-000113,25,50.20569,7.574529
DE-RP-000114,12,50.132477,7.59141
DE-RP-000115,12,50.13451,7.593144
DE-RP-000117,38,50.036243,7.644841
DE-RP-000118,38,50.036854,7.646269
DE-RP-000120,88,49.963196,7.766155
DE-RP-000121,59,49.9644,7.76768
DE-RP-000124,11,49.87621,7.955811
DE-RP-000125,29,49.864742,7.963899
DE-RP-000127,36,49.804466,8.051862
DE-RP-000128,33,49.80522,8.053094
DE-RP-000129,43,49.717106,8.135053
DE-RP-000130,33,49.712936,8.142852
DE-RP-000131,9,49.6899,8.236943
DE-RP-000132,13,49.690407,8.23776
DE-RP-000133,56,49.645508,8.290803
DE-RP-000134,42,49.64692,8.292994
DE-RP-000135,34,49.594624,8.287751
DE-RP-000136,44,49.59439,8.289951
DE-RP-000137,43,49.521057,8.310356
DE-RP-000138,69,49.519882,8.311944
DE-RP-000139,6,49.46322,8.313236
DE-RP-000140,6,49.45949,8.31546
DE-RP-000141,43,49.410908,8.340171
DE-RP-000142,42,49.409966,8.341386
DE-RP-000143,5,49.35589,8.381819
DE-RP-000144,6,49.356087,8.384196
DE-RP-000145,35,49.351166,8.455217
DE-RP-000146,34,49.352154,8.456087
DE-RP-000149,6,49.469425,7.438487
DE-RP-000150,10,49.453022,7.475821
DE-RP-000151,5,49.443035,7.499499
DE-RP-000154,5,49.68647,8.035856
DE-RP-000155,5,49.68725,8.038438
DE-RP-000156,6,49.593803,7.964675
DE-RP-000157,8,49.593277,7.965194
DE-RP-000158,21,49.761227,6.578119
DE-RP-000159,21,49.76048,6.57853
DE-RP-000160,19,49.39,8.267654
DE-RP-000161,19,49.388767,8.264191
DE-RP-000162,13,49.270058,8.152184
DE-RP-000163,13,49.27012,8.15344
DE-RP-000164,12,49.21544,7.497247
DE-RP-000165,11,49.214924,7.496941
DE-RP-002264,16,49.491253,7.404893
DE-RP-002265,19,49.49194,7.404649
DE-RP-002268,0,49.93326,7.892413
DE-SH-001072,22,54.44447,9.589031
DE-SH-001101,17,53.63675,10.260858
DE-SH-001102,31,53.693592,10.323388
DE-SH-001103,5,53.804546,10.454643
DE-SH-001104,9,53.932217,10.732364
DE-SH-001105,15,54.06875,10.756699
DE-SH-001106,15,54.15447,10.855735
DE-SH-001107,10,54.240406,10.891838
DE-SH-001108,20,54.362183,10.982168
DE-SH-001201,28,53.62947,10.248005
DE-SH-001202,25,53.693123,10.321078
DE-SH-001203,20,53.81895,10.480169
DE-SH-001204,7,53.930847,10.729238
DE-SH-001205,12,54.0706,10.755669
DE-SH-001206,13,54.15512,10.855019
DE-SH-001207,6,54.36267,10.982374
DE-SH-007101,14,53.66831,9.939852
DE-SH-007102,93,53.717724,9.940039
DE-SH-007103,41,53.821945,9.923944
DE-SH-007104,25,53.92343,9.940812
DE-SH-007105,94,54.014217,9.93352
DE-SH-007106,7,54.18868,9.932334
DE-SH-007107,38,54.282932,9.771243
DE-SH-007108,0,54.326004,9.734354
DE-SH-007109,20,54.365463,9.671487
DE-SH-007111,23,54.53838,9.473274
DE-SH-007112,38,54.635384,9.439802
DE-SH-007113,9,54.748425,9.377259
DE-SH-007201,23,53.671375,9.93976
DE-SH-007202,46,53.717075,9.937708
DE-SH-007203,21,53.820957,9.922333
DE-SH-007204,16,53.941784,9.946441
DE-SH-007205,89,54.09227,9.929389
DE-SH-007206,38,54.275204,9.77614
DE-SH-007207,0,54.3258,9.733885
DE-SH-007208,23,54.363785,9.671262
DE-SH-007210,11,54.504723,9.503231
DE-SH-007211,37,54.616596,9.442502
DE-SH-007212,17,54.804146,9.328386
DE-SH-020104,16,53.917904,10.386876
DE-SH-020105,13,53.8023,10.673222
DE-SH-020203,16,53.919,10.386806
DE-SH-020204,13,53.802353,10.671062
DE-SH-021101,5,53.735455,10.32393
DE-SH-021102,8,53.89084,10.292442
DE-SH-021103,10,53.959404,10.263251
DE-SH-021201,8,53.73541,10.32282
DE-SH-021202,7,53.890213,10.292246
DE-SH-021203,9,53.95963,10.261075
DE-SH-021204,20,54.139656,10.21164
DE-SH-023101,15,53.702904,9.77424
DE-SH-023102,18,53.829548,9.632616
DE-SH-023103,9,54.007202,9.47776
DE-SH-023104,0,54.068817,9.322123
DE-SH-023105,22,54.137325,9.251517
DE-SH-023201,15,53.706577,9.769479
DE-SH-023202,18,53.828365,9.632457
DE-SH-023203,9,54.00658,9.477227
DE-SH-023204,0,54.068504,9.322022
DE-SH-023205,16,54.13879,9.248291
DE-SH-024101,13,53.567875,10.303021
DE-SH-024102,15,53.551304,10.628568
DE-SH-024103,49,53.520115,10.806307
DE-SH-024201,8,53.56865,10.302258
DE-SH-024202,16,53.553738,10.617195
DE-SH-024203,76,53.520374,10.808131
DE-SH-210101,7,54.314365,9.913723
DE-SH-210201,6,54.31534,9.915543
DE-SH-215101,13,54.245403,10.024126
DE-SH-215102,12,54.244858,10.022251
DE-SL-000001,6,49.565834,6.970806
DE-SL-000002,8,49.545315,6.989813
DE-SL-000003,7,49.505157,6.993234
DE-SL-000004,8,49.50522,6.991883
DE-SL-000005,6,49.46613,6.977374
DE-SL-000006,5,49.46538,6.976933
DE-SL-000007,16,49.436462,6.973514
DE-SL-000008,4,49.309837,6.968946
DE-SL-000009,6,49.31074,6.968336
DE-SL-000010,21,49.34703,7.312125
DE-SL-000012,18,49.2723,7.158759
DE-SL-000013,22,49.27323,7.152831
DE-SL-000016,20,49.208607,6.965393
DE-SL-000017,35,49.208317,6.967778
DE-SL-000018,16,49.59576,7.04869
DE-SL-000019,14,49.5955,7.045384
DE-SL-000020,8,49.571045,7.250293
DE-SL-000021,7,49.570126,7.252817
DE-SL-000022,0,49.299786,6.748515
DE-SL-000023,4,49.300117,6.7491
DE-SL-000024,5,49.29973,7.28763
DE-SL-000025,5,49.326717,7.227462
DE-SL-000026,44,49.35238,6.989217
DE-SL-000027,43,49.350445,6.994612
DE-SL-000028,8,49.388374,6.671407
DE-SL-000029,6,49.38797,6.670987
DE-SL-000031,19,49.48385,6.373376
DE-SL-000032,5,49.483704,6.374472
DE-SL-000516,8,49.220535,7.07528
DE-SL-000520,27,49.453587,6.568503
DE-SN-000001,13,50.888096,12.749231
DE-SN-000002,13,50.88893,12.750822
DE-SN-000003,16,51.090225,13.233233
DE-SN-000004,10,51.21055,14.556338
DE-SN-000005,10,51.21128,14.555842
DE-SN-000007,20,50.840797,12.507441
DE-SN-000008,20,50.839874,12.50951
DE-SN-000009,47,51.170982,13.841045
DE-SN-000010,47,51.171852,13.840744
DE-SN-000011,22,50.821857,13.888521
DE-SN-000012,22,50.821648,13.886645
DE-SN-000013,14,50.781273,12.824298
DE-SN-000014,14,50.7809,12.825683
DE-SN-000015,10,51.0028,13.745157
DE-SN-000016,10,51.001915,13.744244
DE-SN-000017,20,51.039253,13.325475
DE-SN-000018,20,51.038364,13.326378
DE-SN-000019,8,51.206783,14.684632
DE-SN-000022,94,50.892612,12.939849
DE-TH-071061,43,50.72626,10.842746
DE-SN-000023,77,50.894737,12.947843
DE-SN-000024,14,50.694378,12.725894
DE-SN-000025,14,50.693428,12.724848
DE-SN-000026,16,51.41197,12.359061
DE-SN-000027,14,51.413666,12.339978
DE-SN-000028,280,51.062675,13.571171
DE-SN-000029,154,51.060802,13.572002
DE-SN-000032,9,51.24337,12.21741
DE-SN-000033,6,51.24263,12.21863
DE-SN-000035,75,51.260223,12.706253
DE-SN-000036,12,50.40743,12.027145
DE-SN-000037,12,50.40988,12.038229
DE-SN-000038,24,50.824566,12.628554
DE-SN-000039,74,51.18635,14.993832
DE-SN-000040,76,51.187294,14.984957
DE-SN-000041,19,51.09071,13.236999
DE-SN-000043,15,51.277157,12.491198
DE-SN-000044,15,51.2759,12.492337
DE-SN-000046,23,50.50725,12.216573
DE-SN-000047,12,50.650047,12.488544
DE-SN-000048,12,50.64921,12.488947
DE-SN-000049,40,51.19971,14.331521
DE-SN-000050,40,51.198475,14.329136
DE-SN-000051,24,51.167805,14.060526
DE-SN-000052,24,51.169662,14.064286
DE-SN-000054,14,50.821716,12.764379
DE-SN-000055,24,50.96108,13.072561
DE-SN-000056,24,50.965343,13.078929
DE-SN-000058,24,51.189144,13.009557
DE-SN-000059,30,51.18818,13.008866
DE-SN-000061,70,50.466255,12.185096
DE-SN-000062,86,50.433804,12.13099
DE-SN-000063,19,50.60755,12.38657
DE-SN-000064,22,50.606598,12.386239
DE-SN-000065,8,51.21989,14.871154
DE-SN-000066,8,51.21909,14.871857
DE-SN-000067,24,51.305218,13.729964
DE-SN-000068,25,51.30497,13.728586
DE-SN-001092,36,51.19478,13.741197
DE-SN-001093,23,51.19463,13.7401
DE-SN-001098,60,51.261868,12.707022
DE-SN-001101,8,51.20747,14.683847
DE-SN-001113,26,51.183372,12.463152
DE-ST-001211,41,52.236153,11.985801
DE-ST-001212,49,52.235077,11.967644
DE-ST-001247,12,51.455826,12.110972
DE-ST-001249,18,51.918797,10.662261
DE-ST-001251,18,51.919666,10.659553
DE-ST-001253,7,51.780663,11.487595
DE-ST-001255,7,51.77972,11.487551
DE-ST-001257,14,51.84035,10.885141
DE-ST-001259,14,51.83925,10.88527
DE-ST-002010,20,52.244852218057964,12.147844250846765
DE-ST-002011,26,52.24293829996806,12.14251625916801
DE-ST-002020,34,52.227165895755896,11.75470890570879
DE-ST-002021,34,52.22807428562841,11.754193664170637
DE-ST-002030,70,52.18358386026187,11.45196155015387
DE-ST-002031,99,52.18538614259918,11.45193349694718
DE-ST-002040,30,52.198466572306586,11.246338066524961
DE-ST-002041,36,52.1996506378646,11.246371834493422
DE-TH-071062,43,50.72506,10.847415
DE-ST-002050,136,52.215445763844144,11.081224219831231
DE-ST-009010,28,51.97056521541713,12.487295008605845
DE-ST-009011,28,51.97144568625318,12.486728025247276
DE-ST-009020,17,51.867488982747005,12.372957427043191
DE-ST-009021,17,51.868465388259025,12.372398987706767
DE-TH-071081,8,50.6002,10.53298
DE-ST-009030,24,51.72437231159102,12.216271575599283
DE-ST-009031,18,51.72489841596234,12.214754739752596
DE-ST-009040,66,51.607794650516965,12.186946324650531
DE-ST-009041,68,51.60689301556439,12.183498171454673
DE-ST-009050,26,51.492364379585126,12.205900635701603
DE-ST-009051,25,51.491906757271565,12.204274465488512
DE-ST-009060,27,51.324226109542174,12.171289193955229
DE-ST-009061,27,51.32463809533902,12.169987181190416
DE-ST-009070,26,51.20916667181021,12.031490303237506
DE-ST-009071,26,51.209831828979894,12.030322709675872
DE-ST-009080,126,51.10516855814022,11.956974428322805
DE-TH-071082,8,50.59989,10.534127
DE-ST-009081,163,51.106289313348015,11.95415440370017
DE-ST-014010,14,51.45547364536863,12.10875006137465
DE-ST-014020,26,51.55760518301118,12.005084920379646
DE-ST-014021,28,51.55712308818489,12.003419402862534
DE-ST-014040,58,51.655706965044956,11.818869459152399
DE-ST-014041,61,51.65618822272626,11.821315272755903
DE-ST-014050,19,51.71030627801438,11.717898664533022
DE-ST-014051,19,51.70981824217868,11.720174552622556
DE-ST-014060,18,51.8278345120208,11.675139643650317
DE-ST-014061,16,51.82715481151382,11.677520595895682
DE-ST-014070,35,51.94188091914708,11.691995268092885
DE-ST-014071,34,51.942501754394,11.693249418409911
DE-ST-014090,41,52.059494802138644,11.586958935837226
DE-ST-014091,48,52.06045148913979,11.587703416474312
DE-ST-038010,22,51.468190967000936,11.04441930050955
DE-ST-038011,26,51.46717890004287,11.045246937169534
DE-ST-038020,14,51.45260270591257,11.22811848254388
DE-ST-038021,14,51.451618653178386,11.227856251851822
DE-ST-038030,56,51.43504896050771,11.425787032834664
DE-ST-038031,46,51.4328089194119,11.42360452635482
DE-ST-038040,26,51.401367547876895,11.719455287286317
DE-ST-038041,26,51.3995374066116,11.726249863962533
DE-ST-038050,12,51.3474624899613,11.92240137009527
DE-ST-038051,14,51.34684226961786,11.921271233735899
DE-ST-038060,12,51.257277878817554,12.000115526445908
DE-ST-038061,13,51.25615095521432,11.999859370055287
DE-ST-143010,18,51.46581877318925,11.85826921518272
DE-ST-143011,15,51.46539852130722,11.856972706244502
DE-TH-071091,8,50.469585,10.452834
DE-TH-071092,8,50.471626,10.45382
DE-TH-073011,16,50.55955,10.729926
DE-TH-073012,16,50.559376,10.730876
DE-TH-001121,20,50.889996,11.948707
DE-TH-001122,20,50.889027,11.948618
DE-TH-001140,16,51.33142,11.253069
DE-TH-001141,23,51.32554,11.244732
DE-TH-001144,30,50.958145,11.84638
DE-TH-001147,79,51.18938,11.164331
DE-TH-001159,58,50.86056,12.30728
DE-TH-004012,58,50.856766,12.314025
DE-TH-004051,25,50.87687,11.808934
DE-TH-004052,25,50.87607,11.809163
DE-TH-004071,25,50.877922,11.666358
DE-TH-004072,23,50.874367,11.711111
DE-TH-004111,19,50.937992,11.354976
DE-TH-004112,24,50.93724,11.35568
DE-TH-073021,11,50.421703,10.889495
DE-TH-004122,90,50.948193,11.19669
DE-TH-004131,13,50.911156,11.072748
DE-TH-004132,29,50.910175,11.072405
DE-TH-004162,33,50.877888,10.809609
DE-TH-004181,92,50.91289,10.587467
