parking_id,stations_id,distance_km
DE-BB-002398,00096,30.295227373782424
DE-BB-002402,00096,30.18501333362869
DE-BB-002404,00433,18.36733843808946
DE-BB-002406,00433,18.26386122675025
DE-BB-002408,01869,9.466797656057132
DE-BB-002410,01869,9.323000056642984
DE-BB-002430,00433,22.166445397349925
DE-BB-264901,01869,9.59203158034506
DE-BB-264902,01869,9.641029134514147
DE-BB-273801,03196,10.199056231958311
DE-BB-273802,03196,10.213824795110241
DE-BB-273803,03196,15.444042702933961
DE-BB-273804,03196,15.4850451931119
DE-BB-274901,01869,11.23211042705523
DE-BB-274902,01869,11.686845133016295
DE-BB-283901,03196,26.688889283828537
DE-BB-283902,03196,26.783449447780715
DE-BB-284001,02794,20.279460725961986
DE-BB-284002,02794,20.283207724876075
DE-BB-294101,02794,15.221589262679503
DE-BB-294102,02794,15.302547522899548
DE-BB-294103,02794,14.541983999968066
DE-BB-294104,02794,14.756284967890172
DE-BB-294901,00164,11.495700525451083
DE-BB-294902,00164,11.567517164607914
DE-BB-304101,00096,12.795942507581627
DE-BB-304102,00096,12.931831509247898
DE-BB-304201,00096,9.781011868234298
DE-BB-304202,00096,9.669344045594434
DE-TH-073022,00867,13.990841886609244
DE-BB-314802,00164,25.532336058660608
DE-BB-314803,00164,25.204740372017778
DE-BB-324301,00096,20.99317117024713
DE-BB-324302,00096,21.212313677645483
DE-BB-324701,00433,28.758909750513116
DE-BB-324702,00433,28.850234406571392
DE-BB-334301,03987,28.2683314263976
DE-BB-334401,00096,30.599605055299502
DE-BB-334402,03987,31.915208647904297
DE-BB-334601,00433,23.351289099988378
DE-BB-334602,00433,23.25932171973473
DE-BB-344301,03987,16.99750919941694
DE-BB-344302,03987,18.02277815864582
DE-BB-344801,00427,21.176222471921502
DE-BB-344802,00427,21.03075334032947
DE-BB-354301,03987,10.335541094376985
DE-BB-354801,00427,19.078655225740075
DE-BB-354802,00427,20.053019622681948
DE-BB-364101,05546,27.33209605567071
DE-BB-364102,05546,27.411914062457033
DE-BB-364103,01605,24.630409647837734
DE-BB-364104,01605,24.753859358348823
DE-BB-364302,03987,15.779404652707715
DE-BB-364303,03987,15.43091806329063
DE-BB-364405,03987,6.168668313474312
DE-BB-364406,03987,6.067380728683218
DE-BB-364501,03987,12.266778348477184
DE-BB-364502,03987,12.6982547925868
DE-BB-364503,03987,9.169544255581174
DE-BB-364504,03987,9.358391657121652
DE-BB-364601,00427,7.340058254900436
DE-BB-364602,00427,7.5773586461552
DE-BB-364603,00427,13.596112811543533
DE-BB-364701,00427,2.2132526585308034
DE-BB-364702,00427,2.112650888104162
DE-BB-364801,00427,13.497025395447642
DE-BB-364802,00427,13.543496273719324
DE-BB-364905,03015,16.114822268496447
DE-BB-364906,03015,16.00440057519957
DE-BB-365101,03015,15.83832249028377
DE-BB-365102,03015,16.002115535454852
DE-BB-365201,03015,22.119070276601736
DE-BB-365202,03015,22.166654601659822
DE-BB-373901,05546,17.859008484065026
DE-BB-373902,05546,17.693205438971603
DE-BB-374301,03987,23.303620500209416
DE-BB-374302,03987,23.418551479683725
DE-BB-374701,00303,18.069877986293434
DE-BB-374702,00303,17.92230422339825
DE-BB-384201,05546,20.064656862122074
DE-BB-384202,05546,20.12968281499869
DE-BB-394101,05546,14.459409220522913
DE-BB-394102,05546,14.589616873136267
DE-BB-404801,00303,17.16694794343821
DE-BB-404802,00303,17.119350514299327
DE-BB-404804,00303,26.226260245931353
DE-BB-414901,00303,30.098296527219144
DE-BB-414902,00880,22.772583429925803
DE-BB-414903,01001,29.000685927397402
DE-BB-414905,00880,22.797648565204437
DE-BB-424901,01001,23.226998702193292
DE-BB-424902,01001,23.271770578704768
DE-BB-425003,00880,13.293801322051252
DE-BB-425004,00880,13.350919043706938
DE-BB-435401,00880,25.819659762819985
DE-BB-444901,07393,27.80812602323939
DE-BB-444902,07393,27.78083431533433
DE-BB-444903,01001,25.895113451197897
DE-BB-444904,01001,25.73340475282766
DE-BE-000001,03987,10.544832003366132
DE-BE-000002,00433,9.210070987222359
DE-BW-004458,02886,17.907569570878444
DE-BW-004459,02886,18.32876241928391
DE-BW-004461,15444,10.03428965536343
DE-BW-004465,04887,21.04553734296035
DE-BW-004466,04887,21.192589976154842
DE-BW-004467,04887,20.887772373473137
DE-BW-004468,04887,20.203959224441295
DE-BW-004469,04887,18.87999386486548
DE-BW-004530,01346,40.327827209424385
DE-BW-004538,03761,27.454408193871412
DE-BW-004564,05906,6.439522817573476
DE-BW-005005,05906,10.204252301328804
DE-BW-005010,05906,6.047407090034159
DE-BW-005015,05906,7.54799687076684
DE-BW-005020,05906,18.11763724247629
DE-BW-005025,13674,20.274111818599604
DE-BW-005030,13674,22.406986935790027
DE-BW-005035,13674,25.181170528130124
DE-BW-005040,04177,27.258721100397015
DE-BW-005045,04177,21.19098741451369
DE-BW-005050,04177,16.80324230501768
DE-BW-005055,04177,9.765578688150498
DE-BW-005060,04177,21.09339534061094
DE-BW-005065,04177,30.428047424620942
DE-BW-005070,01468,35.66233830483796
DE-BW-005075,02812,23.98526826910857
DE-BW-005080,02812,15.945862681930036
DE-BW-005085,02812,7.84787949284335
DE-BW-005090,02812,4.712975360837593
DE-BW-005095,02812,1.9730969618397458
DE-BW-005100,02812,6.770266475612545
DE-BW-005105,02812,19.212362878334236
DE-BW-005110,01443,17.387609098623805
DE-BW-005115,01443,11.481515138435133
DE-BW-005120,01443,7.38051607570288
DE-BW-005125,01443,3.4495093251539064
DE-BW-005130,01443,7.726573039195344
DE-BW-005135,01443,16.910165368058838
DE-BW-005140,01443,21.030190457133493
DE-BW-005145,01443,25.87626768563187
DE-BW-005150,01443,29.51777588151815
DE-BW-005155,01443,34.18680403770087
DE-BW-005160,01346,37.04867663871113
DE-BW-005165,01346,40.272565682250864
DE-BW-005505,05906,12.519060596205518
DE-BW-005510,05906,6.124985147471214
DE-BW-005515,05906,7.863851657176496
DE-BW-005520,05906,18.199549053551408
DE-BW-005525,13674,20.19557585389644
DE-BW-005530,13674,22.28104358063823
DE-BW-005535,13674,25.094076283826187
DE-BW-005540,04177,27.3194790120189
DE-BW-005545,04177,21.273320955223976
DE-BW-005550,04177,17.11588883862683
DE-BW-005555,04177,13.640954369172515
DE-BW-005560,04177,9.82511950002859
DE-BW-005565,04177,28.27296990608099
DE-BW-005570,01468,35.73511068931153
DE-BW-005575,02812,23.998593534102127
DE-BW-005580,02812,16.03222860062374
DE-BW-005585,02812,8.023288947239946
DE-BW-005590,02812,4.666352316075443
DE-BW-005595,02812,1.826330497343557
DE-BW-005600,02812,4.321406031469317
DE-BW-005605,02812,6.816179872942142
DE-BW-005610,02812,19.343653139526577
DE-BW-005615,01443,17.543170641270088
DE-BW-005620,01443,12.891385845121615
DE-BW-005625,01443,8.360303601233579
DE-BW-005630,01443,7.548741048674238
DE-BW-005635,01443,10.238842673350089
DE-BW-005640,01443,15.792199261530676
DE-BW-005645,01443,20.837573912951157
DE-BW-005650,01443,25.689774093605653
DE-BW-005655,01443,29.4545304558737
DE-BW-005660,01443,34.031680535054306
DE-BW-005665,01346,36.711145558791166
DE-BW-005675,01346,42.401016459778326
DE-BW-005680,01346,42.86252550990114
DE-BW-006005,05906,0.21580490198160748
DE-BW-006010,05906,14.144441942456744
DE-BW-006015,05906,20.62798356870111
DE-BW-006020,13674,22.59940048778077
DE-BW-006025,13674,18.83242594491069
DE-BW-006040,13674,6.194294171097067
DE-BW-006045,13674,9.389641735932338
DE-BW-006050,13674,18.40192779830204
DE-BW-006055,03761,19.644057626804123
DE-BW-006060,03761,15.663969974535828
DE-BW-006065,03761,11.818689453204742
DE-BW-006070,03761,6.523823863376682
DE-BW-006075,03761,1.416894209186831
DE-BW-006080,03761,8.759763703309895
DE-BW-006085,03761,20.462446902417447
DE-BW-006090,07369,26.977848328617583
DE-BW-006095,07369,18.969653468007625
DE-BW-006505,05906,14.96861684678541
DE-BW-006510,05906,21.190807626733047
DE-BW-006515,13674,22.091263620153015
DE-BW-006520,13674,18.98688447623663
DE-BW-006540,13674,5.92151168940027
DE-BW-006545,13674,9.495565659277068
DE-BW-006550,13674,17.800613315471306
DE-BW-006555,03761,19.29550762633188
DE-BW-006560,03761,13.834528073091562
DE-BW-006565,03761,9.148925856019451
DE-BW-006570,03761,3.3633453879734674
DE-BW-006575,03761,1.1944774095593305
DE-BW-006580,03761,8.956365360396738
DE-BW-006585,03761,20.583687735063403
DE-BW-006590,07369,26.956602976310776
DE-BW-006595,07369,19.03092322788487
DE-BW-007010,07369,23.492659021302437
DE-BW-007015,04887,25.666111822875408
DE-BW-007020,15444,24.60069074766798
DE-BW-007025,15444,14.9226264999384
DE-BW-007510,07369,23.355301340701388
DE-BW-007515,04887,25.788128591002078
DE-BW-007520,15444,24.587934510456588
DE-BW-007525,15444,14.974654646122316
DE-BW-008005,15444,8.182892692220838
DE-BW-008010,15444,12.175915373513654
DE-BW-008015,15444,17.66015861071553
DE-BW-008020,04887,20.80059319897807
DE-BW-008025,04887,19.755995158944515
DE-BW-008030,04887,18.29169341850217
DE-BW-008035,04931,23.887925716725267
DE-BW-008040,04931,5.852109937615389
DE-BW-008045,04931,13.972561081680048
DE-BW-008050,03362,16.496043975887773
DE-BW-008055,03362,10.208464226330157
DE-BW-008060,03362,15.103895467445595
DE-BW-008065,04177,11.230531261540975
DE-BW-008510,15444,17.80939935776113
DE-BW-008545,04887,18.340852276140048
DE-BW-008550,04931,23.982813010461083
DE-BW-008555,04931,13.3374288699995
DE-BW-008560,04931,15.089565681305709
DE-BW-008565,03362,16.59573522534445
DE-BW-008575,03362,15.136883152964685
DE-BW-008580,03362,19.702853383483788
DE-BW-008585,04177,13.278045266507796
DE-BW-061005,05906,19.82330690977481
DE-BW-061505,05906,19.73608005552965
DE-BW-081005,05705,12.93237097718417
DE-BW-081010,05705,16.206868318409683
DE-BW-081015,05705,22.80223996572821
DE-BW-081025,05705,28.570216285422696
DE-BW-081030,05705,34.07658718605139
DE-BW-081035,03761,36.449776447634385
DE-BW-081040,03761,31.579604818831076
DE-BW-081045,03761,27.73760330385983
DE-BW-081050,03761,25.061725973441646
DE-BW-081055,03761,19.261668942168267
DE-BW-081060,03761,18.579432189143446
DE-BW-081065,03761,15.231490891328303
DE-BW-081070,03761,14.095579183394674
DE-BW-081075,03761,12.254202118502644
DE-BW-081080,03761,15.19375588690573
DE-BW-081085,03761,18.511233950605117
DE-BW-081090,04928,24.659811138329598
DE-BW-081095,04928,18.211767289864156
DE-BW-081100,04928,11.343281816832768
DE-BW-081105,04931,24.8578860305695
DE-BW-081110,04931,30.79252177794945
DE-BW-081115,01468,26.964853652604514
DE-BW-081120,01468,24.206837415973823
DE-BW-081125,01468,22.92080352323002
DE-BW-081130,01468,22.685898775822835
DE-BW-081135,03268,24.923852383324796
DE-BW-081140,03268,24.172560175156203
DE-BW-081145,03268,27.864041485399
DE-BW-081150,03268,27.45561716444885
DE-BW-081160,03268,34.63832970765162
DE-BW-081165,03268,35.17018390559469
DE-BW-081170,03268,33.640256320217446
DE-BW-081175,03268,36.169680784937576
DE-BW-081180,03268,39.18796098060591
DE-BW-081505,05705,13.390060083994115
DE-BW-081510,05705,17.28315231092061
DE-BW-081515,05705,23.278123571964233
DE-BW-081525,05705,28.783583579009797
DE-BW-081530,05705,33.47858292060272
DE-BW-081535,03761,34.55474261375421
DE-BW-081540,03761,30.220777865900526
DE-BW-081550,03761,19.702918462002398
DE-BW-081555,03761,18.247535024194992
DE-BW-081560,03761,14.950189645351898
DE-BW-081565,03761,13.317789108079271
DE-BW-081570,03761,12.151259575874684
DE-BW-081575,03761,20.708202714209236
DE-BW-081580,04928,24.42307504729247
DE-BW-081585,04928,18.394301150067154
DE-BW-081590,04928,11.347563456392292
DE-BW-081595,04931,24.580388684180516
DE-BW-081600,04931,30.66125538273439
DE-BW-081605,01468,27.0653577722408
DE-BW-081610,01468,24.286855773137155
DE-BW-081615,01468,22.99461628346464
DE-BW-081620,01468,22.78535683899724
DE-BW-081625,03268,23.33531133213488
DE-BW-081630,03268,23.83991824773971
DE-BW-081635,03268,27.735816140365607
DE-BW-081640,03268,27.28802366900784
DE-BW-081645,03268,32.979551983100656
DE-BW-081650,03268,35.27096590894354
DE-BW-081655,03268,33.608205114949186
DE-BW-081660,03268,35.890456776689014
DE-BW-081665,03268,39.1474275728796
DE-BW-096005,07403,22.378815431073576
DE-BW-096505,07403,22.438030790000166
DE-BW-096510,07403,3.8084036781879003
DE-BW-098005,01346,39.04700687138105
DE-BW-098105,03268,37.792285925036786
DE-BW-098605,03268,37.4757772034852
DE-BY-000001,07412,23.101522263657642
DE-BY-000002,07412,21.88755084937776
DE-BY-000003,07412,12.795522132355703
DE-BY-000004,07412,11.74022787360733
DE-BY-000013,07412,12.490034392519933
DE-BY-000014,07412,12.672568658122353
DE-BY-000019,07412,20.220090345541085
DE-BY-000020,07412,20.057723729326746
DE-BY-000030,05705,17.34421100140596
DE-BY-000031,05705,17.396108685068256
DE-BY-000032,05705,2.09316920795609
DE-BY-000033,05705,1.7330510762621185
DE-BY-000034,05705,6.33013555483212
DE-BY-000035,05705,7.115884839247679
DE-BY-000038,05705,20.726966529620963
DE-BY-000039,05705,20.686651852944507
DE-BY-000045,05705,34.1821106316291
DE-BY-000055,00282,20.972765473104733
DE-BY-000056,00282,21.29968177079077
DE-BY-000071,03668,12.518610779098774
DE-BY-000072,03668,12.722220230901197
DE-BY-000074,03668,2.6738539746354615
DE-BY-000075,03668,2.7911821889120763
DE-BY-000076,03668,17.20898667776169
DE-BY-000077,03668,17.29659671519234
DE-BY-000082,04280,30.355446224558996
DE-BY-000083,02773,30.959261467916228
DE-BY-000085,02773,27.835913747958138
DE-BY-000086,02773,27.92692816566803
DE-BY-000087,02773,28.505058843366886
DE-BY-000088,02773,29.47082306598068
DE-BY-000089,02773,30.30388526262038
DE-BY-000091,02773,31.107236972873952
DE-BY-000093,04104,24.311809527925107
DE-BY-000094,04104,24.037625817426168
DE-BY-000095,04104,19.48197141239933
DE-BY-000096,04104,18.640175072076723
DE-BY-000098,04104,11.47387911173858
DE-BY-000099,04104,8.790952756695125
DE-BY-000100,04104,8.690574910300182
DE-BY-000101,04104,6.0813228236506465
DE-BY-000105,04911,21.016339306626225
DE-BY-000106,04911,21.050182270056773
DE-BY-000107,04911,15.85478985068899
DE-BY-000108,04911,15.737251388388161
DE-BY-000110,04911,22.105997673670554
DE-BY-000111,04911,22.028851071287693
DE-BY-000112,04911,30.945422375706038
DE-BY-000113,05800,31.407678888818598
DE-BY-000114,05800,31.46756846818554
DE-BY-000117,05856,28.54980085571307
DE-BY-000118,05856,28.07040240380352
DE-BY-000119,05856,24.325447231665084
DE-BY-000120,05856,16.873622326638166
DE-BY-000121,05856,16.611504665343773
DE-BY-000122,05856,11.335729291316513
DE-BY-000123,05856,10.827920476278843
DE-BY-000124,05856,8.405097224249937
DE-BY-000125,05856,4.9278066479503195
DE-BY-000126,05856,5.017475473837157
DE-BY-000127,05856,3.0440269898966363
DE-BY-000128,05856,3.3258005710260234
DE-BY-000130,05856,10.167509322112748
DE-BY-000131,05856,15.16737582048203
DE-BY-000132,07369,16.774450072807817
DE-BY-000133,07369,16.843801944594148
DE-BY-000134,07369,13.057233214605906
DE-BY-000135,07369,13.00017594508403
DE-BY-000136,07369,8.821185395744305
DE-BY-000137,07369,8.959447977337021
DE-BY-000138,07369,9.10825990034608
DE-BY-000140,07369,12.680414657761798
DE-BY-000141,07369,13.028594511632473
DE-BY-000143,07369,16.944619801765885
DE-BY-000144,07369,17.088921908114674
DE-BY-000147,07369,23.94878178718739
DE-BY-000149,07369,26.265296011142404
DE-BY-000150,07369,26.262674972200436
DE-BY-000152,04280,25.46179585928
DE-BY-000153,04280,22.572388699509563
DE-BY-000154,04280,22.717249685349334
DE-BY-000157,04280,14.090191097718318
DE-BY-000158,04280,14.057436121061487
DE-BY-000160,03668,21.676181333411847
DE-BY-000161,03668,21.743220880035967
DE-BY-000166,02773,30.134109664275073
DE-BY-000167,02773,29.794504428356067
DE-BY-000173,02773,15.244217866858088
DE-BY-000174,02773,15.501479536429473
DE-BY-000176,02773,4.711256161296765
DE-BY-000177,02773,4.591871806435262
DE-BY-000178,02773,13.490408667576412
DE-BY-000179,02773,13.455289798307328
DE-BY-000180,05397,11.812356246820018
DE-BY-000181,05397,11.887685917472975
DE-BY-000182,05397,19.63023853619316
DE-BY-000183,05397,19.705459319922042
DE-BY-000184,05371,21.438040206267807
DE-BY-000186,05371,22.016324438995788
DE-BY-000187,05371,21.972427591571602
DE-BY-000190,05371,24.45488082173289
DE-BY-000191,05371,25.83496957608977
DE-BY-000192,05371,26.218055412236993
DE-BY-000193,05371,29.21736667274911
DE-BY-000194,05371,30.183493742354663
DE-BY-000195,05371,31.53390278938363
DE-BY-000196,05371,32.248907924300205
DE-BY-000197,05371,38.02737872308706
DE-BY-000199,05705,36.50453418392223
DE-BY-000200,05705,34.821267006998525
DE-BY-000201,05705,34.386117913947366
DE-BY-000202,05705,34.02036424135905
DE-BY-000203,05705,31.809300462274635
DE-BY-000207,05705,22.616460526021633
DE-BY-000208,05705,19.847960743000044
DE-BY-000209,05705,19.84849856199373
DE-BY-000211,05705,17.643073269154623
DE-BY-000214,05705,12.73320104421313
DE-BY-000216,05705,9.153827519277474
DE-BY-000217,05705,8.954232034159972
DE-BY-000218,05705,7.991246974423815
DE-BY-000220,05705,12.822297055921704
DE-BY-000221,05705,13.239192920319843
DE-BY-000222,05705,22.383233954210052
DE-BY-000223,05705,22.549982037978932
DE-BY-000225,05705,36.61010412996913
DE-BY-000226,05705,36.642976929756095
DE-BY-000227,07369,24.419363640858943
DE-BY-000228,07369,24.30907181088818
DE-BY-000230,07369,14.240497668964293
DE-BY-000231,07369,14.09956530589061
DE-BY-000233,07369,11.097962832700997
DE-BY-000234,07369,11.13512387305353
DE-BY-000235,15444,13.629824314272025
DE-BY-000236,15444,13.302411639625412
DE-BY-000237,15444,13.594831174472539
DE-BY-000238,15444,13.51759325768312
DE-BY-000239,15444,14.929962008611863
DE-BY-000240,15444,14.83942285962526
DE-BY-000241,02886,17.230175821851493
DE-BY-000242,02886,17.362966459468776
DE-BY-000243,02886,16.206693032415092
DE-BY-000244,02886,16.162096795282306
DE-BY-000245,02886,15.81965143675679
DE-BY-000246,02886,15.76285992507466
DE-BY-000247,02886,16.66020838571204
DE-BY-000248,02886,17.52776187118797
DE-BY-000249,02886,22.494368572844312
DE-BY-000250,02886,22.469289745633837
DE-BY-000252,07403,25.428427619271954
DE-BY-000253,07403,22.786819341143417
DE-BY-000254,07403,22.744128731259636
DE-BY-000257,07403,19.558448129817002
DE-BY-000258,07403,19.47231943209126
DE-BY-000259,07403,20.703482866547958
DE-BY-000260,07403,22.127213615963765
DE-BY-000261,07403,22.278760132923363
DE-BY-000262,07403,27.01993214936823
DE-BY-000263,07403,27.02903098532475
DE-BY-000264,03730,31.356338620423294
DE-BY-000265,03730,31.26767890624955
DE-BY-000267,00282,38.49117777480625
DE-BY-000268,00282,38.575161308424846
DE-BY-000270,00282,24.9221020358891
DE-BY-000271,00282,24.63386013873005
DE-BY-000272,00282,9.864968473293809
DE-BY-000273,00282,10.111963906985403
DE-BY-000274,00282,22.15869235262525
DE-BY-000275,00282,22.117464763004698
DE-BY-000277,07394,35.84267531374
DE-BY-000278,07394,35.8879937915378
DE-BY-000279,03231,15.631734758615675
DE-BY-000280,03231,15.382297525678412
DE-BY-000281,05371,34.656739845670295
DE-BY-000282,05371,34.62931070092817
DE-BY-000283,05705,39.631524532044494
DE-BY-000284,05705,39.5760751794277
DE-BY-000285,00867,7.7072174916416385
DE-BY-000286,00867,7.6171539135892905
DE-BY-000288,00282,16.330733009933443
DE-BY-000289,00282,16.32358517888239
DE-BY-000290,00282,7.803877574949758
DE-BY-000291,00282,7.8083662499427975
DE-BY-000292,00282,16.53600010233209
DE-BY-000293,00282,16.97981046162066
DE-BY-000295,03668,5.622875748588071
DE-BY-000296,03668,5.702228375664654
DE-BY-000297,00856,30.0290788072724
DE-BY-000298,00856,7.196109905198809
DE-BY-000299,00856,7.302693081020025
DE-BY-000300,00856,10.233239508819315
DE-BY-000301,00856,11.586659406345115
DE-BY-000308,00856,28.526120736050476
DE-BY-000309,00856,28.65353750098524
DE-BY-000313,00856,46.75225681155987
DE-BY-000314,03379,45.91193407717734
DE-BY-000315,03379,42.634416414580556
DE-BY-000316,03379,41.23584767300683
DE-BY-000317,03379,33.15576476202585
DE-BY-000318,03379,31.43306263684406
DE-BY-000319,03379,27.21419384348693
DE-BY-000320,03379,26.022469037021196
DE-BY-000321,03379,20.98320721279368
DE-BY-000322,03379,20.878429626150727
DE-BY-000323,03379,7.069766734850167
DE-BY-000324,03379,20.89646969319986
DE-BY-000325,03379,20.72617946334775
DE-BY-000326,00232,17.981907571218528
DE-BY-000327,00232,17.962779322600454
DE-BY-000329,00232,4.313791318327942
DE-BY-000330,00232,2.6064593357056536
DE-BY-000331,00232,9.736011984226183
DE-BY-000332,00232,21.691586172529785
DE-BY-000337,15444,37.469628120054274
DE-BY-000340,15444,21.555277862667918
DE-TH-004121,01270,16.802105296806996
DE-BY-000341,02261,12.59252794550046
DE-BY-000342,02261,12.73564250593413
DE-BY-000345,02261,5.022563219579723
DE-BY-000346,02261,5.209843015705466
DE-BY-000348,07394,20.949942934918443
DE-BY-000349,07394,21.05866562421051
DE-BY-000352,07394,30.780210771018368
DE-BY-000353,07394,30.942678265398236
DE-BY-000354,03668,42.92355313707151
DE-BY-000355,03668,42.70695805037882
DE-BY-000356,03668,32.25483444767112
DE-BY-000357,03668,31.790681892188058
DE-BY-000359,03668,19.871342556943386
DE-BY-000360,03668,20.04005664007675
DE-BY-000361,03668,14.044204615907919
DE-BY-000362,03668,14.207396197518792
DE-BY-000363,04280,17.27688732837752
DE-BY-000364,04280,17.27254287107014
DE-BY-000365,04280,8.789774589407827
DE-BY-000366,04280,8.957774561364177
DE-BY-000368,04280,15.437113010665673
DE-BY-000369,04280,15.546638053586049
DE-BY-000370,01587,12.583379760362986
DE-BY-000371,01587,11.713250438089004
DE-BY-000373,01587,0.3368335220652554
DE-BY-000374,01587,0.528444848524119
DE-BY-000375,01587,12.619908685026445
DE-BY-000376,01587,12.788168929916637
DE-BY-000377,02410,4.16946802240043
DE-BY-000378,02410,4.272539275571588
DE-BY-000379,02410,11.06829261518576
DE-BY-000380,02410,11.096312713965297
DE-BY-000381,02410,17.76392056585402
DE-BY-000384,05404,10.41416880019269
DE-BY-000385,05404,10.459738269775173
DE-BY-000386,05404,7.268018249715527
DE-BY-000388,05404,9.795531811448463
DE-BY-000389,05404,9.513502525521766
DE-BY-000390,05404,14.499161907151304
DE-BY-000391,03379,14.520163848632189
DE-BY-000392,05404,5.171461540976813
DE-BY-000393,05404,5.116544968208388
DE-BY-000395,01262,14.423949899041537
DE-BY-000396,01262,14.284663372838578
DE-BY-000397,07395,19.231792848156903
DE-BY-000398,07395,18.671496172858525
DE-BY-000401,07395,6.404426864442939
DE-BY-000402,07395,6.34466738809114
DE-BY-000403,07395,9.267103529838336
DE-BY-000404,07395,9.114711678197569
DE-BY-000405,04911,23.261863452994547
DE-BY-000406,04911,23.413706963150233
DE-BY-000407,00856,35.29303154341094
DE-BY-000409,00856,34.79021703800361
DE-BY-000410,00856,34.90407543055035
DE-BY-000411,00856,34.926027974483745
DE-BY-000412,00856,34.98504157596625
DE-BY-000413,00856,35.76441187795199
DE-BY-000414,00856,35.8182473316268
DE-TH-004201,07368,5.923104189729336
DE-BY-000415,00856,39.54915839964235
DE-BY-000416,00856,39.49345593637275
DE-BY-000417,02261,10.444790108396155
DE-BY-000418,02261,10.66682274996006
DE-BY-000420,07394,10.212097970285605
DE-BY-000421,07394,10.295709095079372
DE-BY-000423,05397,18.96491008758586
DE-BY-000424,05397,19.31276619730558
DE-BY-000428,05397,11.54396488706072
DE-BY-000429,05397,11.400360464790028
DE-BY-000431,02773,19.30514997496991
DE-BY-000432,02773,20.135367678981716
DE-BY-000433,02773,21.20631985504746
DE-BY-000434,02773,23.29662379530658
DE-BY-000435,02773,23.418754537608972
DE-BY-000436,04104,14.611506439060935
DE-BY-000437,04104,14.433753086924417
DE-BY-000438,04104,5.1749852329364945
DE-BY-000439,04104,3.744906861119047
DE-BY-000440,04104,9.076086848791563
DE-BY-000441,04104,25.01261648623391
DE-BY-000442,04104,25.041829934381543
DE-BY-000443,02410,23.58251309030586
DE-BY-000444,02410,23.648754739911304
DE-BY-000445,01262,18.778515093798784
DE-BY-000446,01262,18.821472239032893
DE-BY-000447,03379,16.28054732746615
DE-BY-000448,03379,17.219333836447483
DE-BY-000449,03379,28.17777790428749
DE-BY-000450,03379,28.24154006179273
DE-BY-000451,02290,28.23593346232118
DE-BY-000452,02290,28.30683223439824
DE-BY-000453,02290,25.517352771991
DE-BY-000454,02290,25.823946913868596
DE-BY-000455,02290,23.160527377458266
DE-BY-000456,02290,23.217033863988632
DE-BY-000457,07403,20.524900367105904
DE-BY-000458,07403,27.799270057843568
DE-BY-000459,07403,27.979786553823168
DE-BY-000460,02905,36.20481632887206
DE-BY-000461,02905,36.103106157952176
DE-BY-000463,02905,21.942542526100375
DE-BY-000464,02905,21.90057305516924
DE-BY-000465,02905,14.007873225104738
DE-BY-000466,02905,14.052043598820747
DE-BY-000467,02905,26.657274342893416
DE-BY-000468,02905,26.669019031890763
DE-BY-000469,03379,15.804983047404347
DE-BY-000470,03379,15.609437488927659
DE-BY-000471,03379,7.389129090496963
DE-BY-000472,03379,13.733522880974533
DE-BY-000473,03379,13.808703205049994
DE-TH-004202,07368,5.468699899762386
DE-BY-000474,03379,16.4867024298587
DE-BY-000475,03379,16.719750508100585
DE-BY-000476,03379,16.944324278256776
DE-BY-000477,03379,15.543705080822221
DE-BY-008548,05705,34.15681332207861
DE-BY-008558,04104,29.646982236163392
DE-BY-008559,04104,29.71894398475472
DE-BY-008568,05856,31.63853511530857
DE-BY-008569,05856,31.642582790976537
DE-BY-008589,05371,21.429352549641518
DE-BY-008594,05705,17.967552075469357
DE-BY-008617,00856,32.15404880442362
DE-BY-008631,00232,16.09288556858278
DE-BY-008636,00232,22.34054325248784
DE-BY-008641,00232,35.15773834716727
DE-BY-008662,05404,15.268318054970653
DE-BY-008677,05397,21.212446768041495
DE-BY-008678,05397,21.261924819992327
DE-BY-008679,03366,23.41270898314192
DE-BY-008680,03366,23.430589840940183
DE-BY-008741,04280,28.742815180611935
DE-BY-008747,15444,9.903687149923641
DE-BY-008749,15444,9.932536186659291
DE-HB-000001,00691,9.777299595651622
DE-HB-000003,00691,3.7016399956141908
DE-HB-000004,00691,3.1291437462003544
DE-HB-000005,00691,8.230193096386937
DE-HB-000006,00691,8.13859802607429
DE-HB-000007,00691,8.474155204884305
DE-HB-000008,00691,8.556350994488792
DE-HB-000009,00691,20.606124757472422
DE-HB-000010,00691,20.73319971530063
DE-HE-003199,07341,17.896789429506814
DE-HE-003200,07341,17.934631463183194
DE-HE-003212,05371,20.127623229326215
DE-HE-003214,05371,18.148250472021203
DE-HE-003216,05371,19.411830953768195
DE-HE-003239,05347,10.347959534838227
DE-HE-300001,03167,30.802399035516068
DE-HE-300003,01420,36.72874711282796
DE-HE-300004,01420,36.6762242162161
DE-HE-300005,01420,22.79964009951486
DE-HE-300006,01420,22.15567330817181
DE-HE-300007,01420,14.409818476602704
DE-HE-300008,01420,14.31072895365828
DE-HE-300009,01420,8.084732112387151
DE-HE-300010,01420,8.090315651278905
DE-HE-300011,01420,8.682064519538052
DE-HE-300012,07341,3.1130712843229165
DE-HE-300013,07341,3.0095247720306504
DE-HE-300014,07341,9.539204967858394
DE-HE-300015,07341,9.531482260462175
DE-HE-300016,07341,17.588032932988533
DE-HE-300017,07341,17.520910943915776
DE-HE-400001,07368,12.520526109446502
DE-HE-400002,07368,13.158129468274202
DE-HE-400003,02171,11.561077317859118
DE-HE-400004,02171,11.815264808984024
DE-HE-440002,15207,4.222647897350151
DE-HE-440003,15207,4.2013116622944064
DE-HE-440006,15207,5.442383339083532
DE-HE-440007,15207,5.490966743605694
DE-HE-440008,15207,8.38347905966353
DE-HE-440009,15207,9.762828544589379
DE-HE-440010,15207,13.394989777040696
DE-HE-440011,15207,13.741243893731887
DE-HE-440013,05347,10.343951718982126
DE-HE-440015,05347,7.031770168773192
DE-HE-440016,05347,5.198096331202049
DE-HE-440017,05347,5.886501509580963
DE-HE-450001,03167,18.23469088844258
DE-HE-450002,03167,18.337955372566796
DE-HE-450003,03167,18.394371320931047
DE-HE-450004,03167,18.664382361265854
DE-HE-450005,03167,21.36222793083
DE-HE-450007,03167,23.611484149775546
DE-HE-450008,03167,23.615561948705164
DE-HE-450010,03167,23.78154699484812
DE-HE-450011,03167,23.204782985117177
DE-HE-450012,01639,23.15492474480167
DE-HE-450013,01639,23.032907641809278
DE-HE-450014,01639,20.99759351272604
DE-HE-450015,01639,19.936485011332287
DE-HE-450016,01639,16.249426810514063
DE-HE-450017,01639,8.969989697689073
DE-HE-450018,01639,8.771404229345691
DE-HE-450020,01639,8.479038517404057
DE-HE-450021,01639,10.670081575732182
DE-HE-450022,01639,13.730532417455759
DE-HE-450023,01639,20.887598738640975
DE-HE-450024,01639,20.967274407312882
DE-HE-450025,07396,27.557963177048983
DE-HE-450026,07396,28.084120472072602
DE-HE-450027,07341,22.942859454554647
DE-HE-450028,07341,23.304131064302087
DE-HE-450029,07341,19.651373693472962
DE-HE-450030,07341,19.765594515171653
DE-HE-480001,01639,2.816856272331041
DE-HE-480002,01639,2.7556161369577032
DE-HE-490001,15207,7.870397841390312
DE-HE-490002,15207,7.952407276588356
DE-HE-490003,15207,10.53632604880839
DE-HE-490004,15207,10.518030803254717
DE-HE-500001,02171,17.673542832136526
DE-HE-500002,02171,19.678447296383673
DE-HE-500004,02171,21.723771757624718
DE-HE-500005,07410,23.673212371794904
DE-HE-500006,07410,23.174718604692693
DE-HE-500008,07410,7.441633317275334
DE-HE-500009,07410,7.251690742072688
DE-HE-500011,07410,13.047368028045252
DE-HE-500012,07410,12.991669187305734
DE-HE-500013,07410,16.83448321824898
DE-HE-500014,07410,16.828685547097226
DE-HE-500015,01639,12.045038249840823
DE-HE-500016,01639,11.993450598067868
DE-HE-500017,01639,27.510560427735445
DE-HE-500018,01639,27.48096353985748
DE-HE-500019,07341,19.924008707521182
DE-HE-500020,07341,20.20470648273462
DE-HE-500021,07341,15.100373143569565
DE-HE-500022,01420,6.057671074521558
DE-HE-500023,01420,5.97589955645154
DE-HE-500024,01420,8.233728562110114
DE-HE-500025,01420,8.162258304487246
DE-HE-500026,01420,10.825067637304693
DE-HE-500027,01420,10.926611217089713
DE-HE-500028,01420,14.582291250360592
DE-HE-500029,01420,14.531699882906295
DE-HE-500030,01420,27.05810908397808
DE-HE-500031,05906,29.249540844957984
DE-HE-500032,05906,26.801716820530793
DE-HE-500033,05906,25.29430500857332
DE-HE-500034,05906,21.466587597333177
DE-HE-500035,05906,20.721833419834674
DE-HE-500037,05906,17.780247801877433
DE-HE-500038,05906,13.52966276056069
DE-HE-600001,05906,5.842041907350103
DE-HE-659001,05906,2.4696496013582294
DE-HE-659002,05906,5.419561963528942
DE-HE-660001,01420,10.55914618063223
DE-HE-660002,01420,10.356305196415653
DE-HE-660003,01420,6.076403425300405
DE-HE-660004,01420,6.210637675952023
DE-HE-660005,01420,15.312459816042995
DE-HE-660006,01420,15.284391292878448
DE-HE-660007,07412,25.73468852592236
DE-HE-660008,07396,26.00848657903713
DE-HE-660009,07396,25.919180745583134
DE-HE-660011,07396,25.480141218945665
DE-HE-661001,07341,3.8645425089228467
DE-HE-661002,07341,3.6894062704290147
DE-HE-670001,01420,3.1761806660316947
DE-HE-670002,01420,3.785170656253207
DE-HE-670003,01420,14.936018811019759
DE-HE-670004,01420,14.709699750871854
DE-HE-670005,01420,24.022084839820288
DE-HE-670006,01420,24.178901948029626
DE-HE-670007,05906,21.268430234222663
DE-HE-670008,05906,20.95275787920406
DE-HE-670009,05906,15.240560409240002
DE-HE-670010,05906,15.324515358718768
DE-HE-670011,05906,9.951657220177722
DE-HE-671001,01420,15.096261690739356
DE-HE-700001,15207,14.852519871925212
DE-HE-700004,15207,11.423504204243033
DE-HE-700006,15207,13.964739285425166
DE-HE-700007,15207,14.227721880305866
DE-HE-700009,02171,26.96964142923742
DE-HE-700010,02171,26.8295928891523
DE-HE-700011,02171,17.82753210049528
DE-HE-700012,02171,16.909009156694278
DE-HE-700013,02171,11.579210037475391
DE-HE-700015,02171,14.906019849498332
DE-HE-700016,02171,14.83008221521829
DE-HE-700017,02171,13.951385621350289
DE-HE-700018,02171,13.805194089585957
DE-HE-700019,02171,16.26220259514629
DE-HE-700020,02171,16.482248752455778
DE-HE-700021,02171,18.99377208471105
DE-HE-700022,02171,19.007410901523425
DE-HE-700023,02171,22.7418635537458
DE-HE-700024,05371,23.45931965020006
DE-HE-700025,05371,22.166879889138606
DE-HE-700029,05371,16.4383889000568
DE-HE-700030,05371,15.933829871918846
DE-HE-700031,05371,14.480932843826036
DE-HE-700032,05371,16.526258569980158
DE-HE-700033,05371,16.13009620633205
DE-HE-700036,05371,16.972650437455897
DE-HE-700037,05371,17.157669853517763
DE-HE-700038,05371,18.48723403602735
DE-HH-000004,01975,16.804442430521632
DE-HH-000005,01975,16.721793723537104
DE-HH-000008,01975,23.29973185275141
DE-HH-000009,01975,23.305491972634137
DE-MV-001321,01694,17.488532980723576
DE-MV-001322,01694,17.343996372180854
DE-MV-001344,03196,27.937823348260075
DE-MV-001346,03196,27.732732361009003
DE-MV-001348,03196,25.05044384365204
DE-MV-001350,03196,25.212148025654596
DE-MV-140005,04625,12.78011532237433
DE-MV-140006,04625,13.218618635524315
DE-MV-140009,04625,22.005816548127882
DE-MV-140010,04625,22.0110767650549
DE-MV-190001,05349,27.72374799966962
DE-MV-190002,05349,28.130608707564498
DE-MV-190004,05349,20.835759878744945
DE-MV-190005,05349,20.582968602658138
DE-MV-190016,01694,28.69625958487267
DE-MV-190017,01694,28.86024285318792
DE-MV-190018,04271,32.623155460367435
DE-MV-190021,04271,24.58881559753836
DE-MV-190022,04271,24.87147252889012
DE-MV-190023,01694,20.49082920755914
DE-MV-190024,01694,20.55017866355442
DE-MV-200001,03086,11.886812957951616
DE-MV-200002,03086,11.84329766692886
DE-MV-200003,00596,19.866479513388516
DE-MV-200004,00596,20.00949776265313
DE-MV-200005,00596,20.750540680214858
DE-MV-200006,00596,20.699504202978318
DE-MV-200007,04625,30.530713429144285
DE-MV-200008,04625,30.445465142686487
DE-MV-200009,04271,36.621984305686404
DE-MV-200010,04271,36.849597451959475
DE-MV-200011,04271,22.479029238993316
DE-MV-200012,04271,22.6022860336515
DE-MV-200013,04271,18.687441924907645
DE-MV-200014,04271,18.589583168473126
DE-MV-200015,04271,24.483466580573303
DE-MV-200016,04271,24.551460621134826
DE-MV-200017,00298,32.27790649734719
DE-MV-200019,00298,30.796293532302286
DE-MV-200020,00298,31.15604284603552
DE-MV-200021,01757,16.51214421266542
DE-MV-200022,01757,16.550407100731142
DE-MV-200023,01757,12.336697255774617
DE-MV-200024,01757,12.502213551604534
DE-MV-200025,01757,27.12555681125559
DE-MV-200027,05109,4.759439964072841
DE-MV-200028,05109,4.846532708874374
DE-MV-200029,05109,19.946337871984614
DE-MV-200031,01869,24.994858114787483
DE-MV-200032,01869,25.01567451158672
DE-MV-240001,00591,17.247420790457678
DE-MV-240007,04625,20.22985632261078
DE-MV-240008,04625,20.11712990986811
DE-MV-240013,03196,19.381822731703
DE-MV-240014,03196,19.354555966186652
DE-MV-240015,03196,14.391459649721497
DE-MV-240016,03196,14.377883901422464
DE-MV-240017,04625,23.591207473650293
DE-MV-240018,04625,23.817426194137017
DE-NI-005229,00691,19.186623182866036
DE-NI-005250,02014,23.23134439287956
DE-NI-005252,02014,9.667786618595056
DE-NI-005298,00662,11.647005613396255
DE-NI-005299,00662,11.850241741194331
DE-NI-005312,04745,10.542766758558919
DE-NI-005314,04745,7.29510490815314
DE-NI-005317,04745,4.544518829947592
DE-NI-005318,04745,4.374481556231249
DE-NI-005319,04745,10.89756626539638
DE-NI-005323,02014,19.81828968926678
DE-NI-005324,02014,19.54828407243241
DE-NI-005328,07367,28.418781183966214
DE-NI-005329,07367,28.264256693975362
DE-NI-005331,07367,23.656449880363613
DE-NI-005332,07367,23.55184648192665
DE-NI-005334,07367,26.313490539546997
DE-NI-005355,02014,23.462197597065625
DE-NI-221701,03639,4.26108032569437
DE-NI-221702,03639,6.051624417766305
DE-NI-231701,00701,10.006241565502478
DE-NI-231702,00701,9.910086776943967
DE-NI-251701,00701,6.691243678692386
DE-NI-251702,00701,6.7525974804194036
DE-NI-261401,05640,34.36796570005359
DE-NI-261402,00701,34.61381746968091
DE-NI-261701,00701,19.34226338445244
DE-NI-261702,00701,21.395891945952627
DE-NI-262301,00704,30.8742223995802
DE-NI-262302,00704,36.13349319904961
DE-NI-262305,00704,30.732152478487073
DE-NI-262401,01975,34.077401364260254
DE-NI-262402,00704,36.931718543134814
DE-NI-262403,01975,34.004514657365704
DE-NI-262501,01975,28.488848572853126
DE-NI-262502,01975,27.90983133589732
DE-NI-262503,01975,28.702250526877062
DE-NI-262504,01975,28.4193219151122
DE-NI-262601,01975,33.76457946706992
DE-NI-262602,01975,31.913854942801073
DE-NI-262701,01975,34.24679481857672
DE-NI-262702,01975,34.16240914064846
DE-NI-262703,00591,28.560719477089144
DE-NI-262704,00591,28.598347840276418
DE-NI-271001,01503,39.54492761445548
DE-NI-271002,01503,39.47607683249987
DE-NI-271101,01503,30.17947736280932
DE-NI-271102,01503,30.570339731788117
DE-NI-271201,01503,24.338274580384653
DE-NI-271202,01503,24.152816418805727
DE-NI-271401,01503,21.63291121369026
DE-NI-271402,01503,30.432429594467777
DE-NI-271403,01503,30.590884531315808
DE-NI-271404,01503,21.533118513928507
DE-NI-271405,01503,19.504317268538667
DE-NI-271406,01503,19.625898093901924
DE-NI-272101,00704,29.143986400452857
DE-NI-272102,00704,29.00246797759405
DE-NI-272201,00704,28.50655886776798
DE-NI-272202,00704,28.632322323779476
DE-NI-272601,04745,38.05466898322266
DE-NI-272602,04745,35.63230433384297
DE-NI-272603,04745,35.10640438415758
DE-NI-272604,01975,38.44792013689816
DE-NI-281401,01503,18.829924104730676
DE-NI-281402,01503,18.58086351124308
DE-NI-281501,01503,27.33933519770787
DE-NI-281502,01503,27.46726229505914
DE-NI-282501,04745,23.915346798831802
DE-NI-282601,04745,20.975103285295873
DE-NI-282602,04745,25.9413399928357
DE-NI-282603,04745,21.047853936106993
DE-NI-290901,03254,41.50839211353045
DE-NI-290902,03254,41.62722323241457
DE-NI-291501,01503,21.466257320924445
DE-NI-291502,01503,27.899066527915025
DE-NI-291503,01503,28.671334607583358
DE-NI-291504,01503,21.399813124282296
DE-NI-291601,00691,25.84685960218931
DE-NI-291602,00691,27.202512481292263
DE-NI-291701,00691,19.914718509629147
DE-NI-291702,00691,13.381110529095524
DE-NI-291703,00691,13.219986536564619
DE-NI-291704,00691,19.806993644674844
DE-NI-291804,00691,7.831613114707666
DE-NI-292003,00691,14.443614326073961
DE-NI-292004,00691,20.694476260172486
DE-NI-292006,00691,15.07994241403254
DE-NI-292101,00691,25.819583521480222
DE-NI-292102,00691,26.111867653331597
DE-NI-292103,00691,26.152824540286886
DE-NI-292104,00691,25.786424975229462
DE-NI-292502,04745,13.112414018682552
DE-NI-300901,03254,23.445846682108183
DE-NI-300902,03254,25.41344143128563
DE-NI-301501,01503,24.457410441959105
DE-NI-301502,01503,24.24488441103432
DE-NI-301601,00691,28.840461630476298
DE-NI-301602,00691,31.636118481510046
DE-NI-301603,00691,32.83993898112937
DE-NI-301604,00691,28.980267565681565
DE-NI-301701,00691,15.820243238623759
DE-NI-301702,00691,16.41879073452949
DE-NI-301703,00691,20.624491693227466
DE-NI-301704,00691,22.91209771097218
DE-NI-301705,00691,23.093285698437082
DE-NI-301706,00691,11.145919328713624
DE-NI-301801,00691,10.276569352325211
DE-NI-302401,04745,6.166791771824796
DE-NI-302504,04745,6.801172818223693
DE-NI-311501,01503,32.21819799130556
DE-NI-311502,00963,29.42024861713491
DE-NI-311503,00963,28.127880463159403
DE-NI-311504,01503,32.27942611186026
DE-NI-312201,04745,23.045574334890475
DE-NI-312202,04745,24.235278507688523
DE-NI-312303,04745,19.525394122945265
DE-NI-312402,00368,16.496625452835257
DE-NI-312403,00368,16.435866059377094
DE-NI-312404,04745,8.746193665817168
DE-NI-320901,03254,12.848915133664814
DE-NI-320902,03254,13.255524653544953
DE-NI-321501,00963,23.575173120343734
DE-NI-321502,00963,18.142837841721956
DE-NI-321503,00963,17.665088611239245
DE-NI-321504,00963,23.939940308067328
DE-NI-322301,00368,18.403989833475496
DE-NI-330901,03254,12.375391811775433
DE-NI-330902,03254,12.31937987450715
DE-NI-331403,00963,14.879894465173322
DE-NI-332401,00368,20.758302621260885
DE-NI-332404,00368,20.901263832503943
DE-NI-340901,15813,14.57319783830259
DE-NI-340902,15813,14.720049715343759
DE-NI-341401,00963,16.491517972482427
DE-NI-341406,00963,16.432485280977136
DE-NI-342401,02014,14.106262419048571
DE-NI-342402,02014,10.82008294175861
DE-NI-342403,02014,11.011132457697569
DE-NI-342404,02014,8.04725904954224
DE-NI-342405,02014,7.162058293262739
DE-NI-342406,02014,13.994193032628795
DE-NI-351402,00342,15.039527230576919
DE-NI-351403,00342,14.258774931586348
DE-NI-352301,02014,9.015440926325587
DE-NI-352401,02014,3.9191173406966273
DE-NI-352402,02014,6.723055330822125
DE-NI-352403,02014,10.735098712460498
DE-NI-352404,02014,10.502330228849717
DE-NI-352502,02014,16.072639853552932
DE-NI-360801,15813,28.6291332768601
DE-NI-360802,15813,28.66831945306968
DE-NI-360803,07374,26.73461941873375
DE-NI-360901,15813,17.659323971450306
DE-NI-360902,15813,17.467091194147578
DE-NI-361001,15813,19.37267820657561
DE-NI-361002,15813,19.017668439791358
DE-NI-361301,00342,14.341126062741507
DE-NI-361302,00342,14.250606488592034
DE-NI-362201,05715,12.736746719811922
DE-NI-362202,05715,12.975025353498886
DE-NI-362501,02014,19.333483959347365
DE-NI-362502,02014,18.906103191354877
DE-NI-362602,00662,21.19337192508933
DE-NI-362603,00662,20.60880673057876
DE-NI-362801,00662,7.859637140693564
DE-NI-362802,00662,8.269781098574498
DE-NI-362901,00662,14.25448935231728
DE-NI-363001,00662,17.368969438401347
DE-NI-363101,00662,27.063311545510075
DE-NI-363102,00662,26.96389163456765
DE-NI-370901,15813,28.420311135856018
DE-NI-370902,07374,28.293720645544397
DE-NI-371501,00342,10.440895822639469
DE-NI-371502,00342,10.513211386297142
DE-NI-372001,04371,24.323453950755052
DE-NI-372002,04371,24.157841663917054
DE-NI-372101,05715,29.940763285190712
DE-NI-372102,05715,29.32681198052646
DE-NI-372103,05715,23.529255349685222
DE-NI-372104,04371,30.984510560093348
DE-NI-372105,05715,24.10183169497219
DE-NI-372501,02014,30.373844801652673
DE-NI-372502,02014,30.35869535573388
DE-NI-372901,00662,13.195911793088973
DE-NI-372902,00662,13.421105582258752
DE-NI-373201,05158,10.663709455354267
DE-NI-373202,05158,13.161335266963079
DE-NI-373203,05158,11.058266205889327
DE-NI-373204,05158,10.684203067168053
DE-NI-381401,00342,16.315070401843997
DE-NI-381402,00342,16.247726372585742
DE-NI-381601,00342,19.85959077288035
DE-NI-381602,00342,19.984426796449817
DE-NI-382601,07367,24.56756710556383
DE-NI-382603,07367,24.65800266144651
DE-NI-392901,00722,27.627665395928638
DE-NI-392902,00662,27.387491970198003
DE-NI-402603,07367,23.475072013403384
DE-NI-402604,07367,23.273120121641046
DE-NI-412601,07367,24.96236179090542
DE-NI-412603,07367,24.8265693416892
DE-NI-422501,01691,23.975136562818186
DE-NI-422502,01691,24.136121823475044
DE-NI-422601,07367,25.658233885343854
DE-NI-422602,07367,25.665824053353937
DE-NI-432501,01691,11.833977304076509
DE-NI-432502,01691,12.15861871081358
DE-NI-452501,01691,5.217119325169665
DE-NI-452502,01691,5.211961495229399
DE-NI-462301,15207,18.7041494809424
DE-NI-462401,01691,16.796829063127994
DE-NI-462402,01691,22.64618445447981
DE-NI-462403,01691,16.564860759009683
DE-NW-000001,01766,18.555497806557835
DE-NW-000002,01766,18.380246236867425
DE-TH-004211,07368,7.718142502505363
DE-NW-000003,01766,16.71246086458456
DE-TH-009011,03821,15.139056826161905
DE-TH-009021,01612,19.69774812384283
DE-TH-009022,01612,19.57633166933321
DE-TH-009031,04464,21.790060208024073
DE-TH-009032,04464,21.64587556427179
DE-TH-009041,04464,2.5022729716839534
DE-TH-009042,04464,2.389215801372399
DE-TH-009052,02261,13.964728250454417
DE-NW-000004,01766,16.419115619761843
DE-NW-000005,01766,12.425104317710943
DE-NW-000006,01766,12.444337086662186
DE-NW-000007,01766,9.871473085922974
DE-TH-009056,02261,14.190350207774964
DE-NW-000008,01766,9.68763258481775
DE-NW-000009,01766,7.656803787268667
DE-NW-000010,01766,5.900768370890761
DE-NW-000012,01766,1.934023819706821
DE-NW-000013,01766,1.681788426397082
DE-TH-038011,02925,9.278548730236611
DE-NW-000014,01766,4.073310854989809
DE-NW-000015,01766,5.3914266505275945
DE-NW-000018,01766,13.057881697389545
DE-NW-000019,01766,13.066407831767659
DE-NW-000020,01766,23.35603567885946
DE-TH-038012,02925,9.684524182405813
DE-NW-000021,01766,23.645639112337868
DE-NW-000026,05480,27.8655479852553
DE-NW-000027,05480,27.82929256327514
DE-NW-000028,05480,25.414582286422668
DE-NW-000029,05480,25.38827577913247
DE-NW-000031,05480,18.03437292498255
DE-NW-000032,05480,17.995420856342943
DE-NW-000033,05480,14.49861303695751
DE-NW-000034,05480,14.550921848505421
DE-NW-000035,05480,23.516669468808967
DE-NW-000036,05480,23.589600323856693
DE-NW-000037,03098,21.00249243765227
DE-NW-000038,03098,21.00707829371618
DE-NW-000039,03098,21.260061661701126
DE-NW-000040,03098,24.545151419690605
DE-NW-000041,03098,24.867143401898502
DE-NW-000042,01303,24.85888008897
DE-NW-000043,01303,24.666366239725537
DE-NW-000044,03098,30.404760268071698
DE-NW-000045,03098,30.492553052185723
DE-NW-000046,03623,10.727784438116625
DE-NW-000047,03623,10.628987580949671
DE-NW-000048,03623,13.90870737809314
DE-NW-000049,03623,13.834763037843102
DE-NW-000050,03623,24.867710167962617
DE-NW-000051,03623,24.817930161468215
DE-NW-000052,03660,19.9425322710303
DE-NW-000053,03660,19.875490147483397
DE-NW-000055,04371,17.03830291655938
DE-NW-000057,04371,2.15790436431076
DE-NW-000058,04371,2.2158485984836838
DE-NW-000059,04371,6.959389166152629
DE-NW-000060,04371,12.43716804736299
DE-NW-000061,04371,12.488480692657252
DE-NW-000062,04371,24.602201183152886
DE-NW-000063,04371,24.835859228110543
DE-NW-000064,03028,29.006874116585834
DE-NW-000065,03028,29.110291815057632
DE-NW-000066,03028,33.40453991047421
DE-NW-000067,03028,33.501248169760025
DE-NW-000069,05480,35.15574204296973
DE-NW-000070,05480,35.12236902884065
DE-NW-000071,05480,27.202441018897208
DE-NW-000072,05480,27.17955226173495
DE-NW-000073,05480,17.623474584006942
DE-NW-000074,05480,17.575413137973644
DE-NW-000076,05480,11.037528291108423
DE-NW-000077,05480,6.0833686771174245
DE-TH-038021,02925,7.249597476018815
DE-NW-000078,05480,6.248757009082164
DE-NW-000079,05480,11.04329471586578
DE-NW-000080,05480,20.812570863266995
DE-NW-000081,05480,31.557419219717616
DE-NW-000082,01303,33.41507191395285
DE-NW-000083,01303,24.528271125638856
DE-NW-000084,01303,24.46186813061365
DE-NW-000085,01303,20.70602208045875
DE-NW-000086,01303,20.60345184059603
DE-NW-000087,01303,17.55725498320726
DE-NW-000088,01303,16.122214585545112
DE-NW-000089,01303,16.265541381053545
DE-NW-000090,07374,56.90048710008662
DE-NW-000091,07374,56.021237830407586
DE-NW-000092,00603,19.25206849516213
DE-NW-000093,00603,19.087931594500308
DE-NW-000094,07374,50.66290708504815
DE-NW-000095,07374,48.77477861391236
DE-NW-000096,07374,47.59961563210227
DE-NW-000097,00603,8.927917546411559
DE-NW-000098,00603,8.690201239438817
DE-NW-000099,07374,45.58656631361011
DE-NW-000100,07374,44.56016021102691
DE-NW-000101,07374,44.62061533451111
DE-NW-000102,07374,44.57613953317553
DE-NW-000103,07374,44.414946323179564
DE-NW-000104,07374,44.53725414929911
DE-NW-000105,00603,8.865048722747977
DE-NW-000106,00603,8.886639796656539
DE-NW-000107,01303,43.034530023016146
DE-NW-000108,01303,40.37914790084003
DE-NW-000109,01303,35.35004048220127
DE-NW-000110,01303,35.329036615005066
DE-NW-000111,01303,30.032543046103058
DE-NW-000112,01303,29.994132071095983
DE-NW-000113,01303,26.315914813102353
DE-NW-000114,01303,22.718933975028747
DE-NW-000115,01078,8.913516867669427
DE-NW-000116,01078,8.775740700967537
DE-NW-000117,01078,9.142732036935785
DE-NW-000120,01078,20.524005748722278
DE-NW-000121,01078,20.383976469069104
DE-NW-000122,01078,27.985846748981967
DE-NW-000123,01078,27.965738209386146
DE-NW-000127,01766,17.402230136069264
DE-NW-000128,01766,17.45909279113124
DE-NW-000130,01303,31.233525122811614
DE-NW-000131,01303,31.236038484915202
DE-NW-000132,07374,33.184447137516244
DE-NW-000133,07374,33.19224840081626
DE-NW-000134,07374,21.86523894760363
DE-NW-000135,07374,21.091182110760485
DE-NW-000136,07374,11.553556259363143
DE-NW-000137,07374,11.295024533436491
DE-NW-000138,07374,10.043022111655219
DE-NW-000139,07374,10.249956527389765
DE-NW-000140,07374,20.889475435626853
DE-NW-000141,07374,20.901810475421822
DE-NW-000142,03028,19.274472539451903
DE-NW-000143,03028,19.033384704203826
DE-NW-000145,03028,10.493311329386431
DE-NW-000146,03028,10.421357534543743
DE-NW-000147,03028,12.190801619019178
DE-NW-000148,03028,12.06515614224704
DE-NW-000149,15000,2.142101258084163
DE-NW-000151,15000,13.517749177647694
DE-NW-000152,15000,13.651976288522876
DE-NW-000153,03623,16.667256316791676
DE-NW-000154,03623,16.655163104408636
DE-NW-000155,03623,13.68218747383039
DE-TH-038022,02925,7.28566893373718
DE-NW-000156,03623,13.79631996380878
DE-NW-000158,00603,25.00497741149181
DE-NW-000159,00603,24.933215462612406
DE-NW-000160,00603,24.875131944351537
DE-NW-000161,00603,24.765032528611886
DE-TH-038031,02925,21.982888952078977
DE-NW-000162,00603,26.060910250464907
DE-NW-000163,00603,25.992984912426184
DE-NW-000164,00603,28.77230109351534
DE-TH-038032,02925,22.063431670478202
DE-NW-000165,00603,28.458221667930545
DE-NW-000166,00603,32.58907792061201
DE-NW-000167,00603,32.53980408520584
DE-NW-000168,03098,31.445553359363622
DE-NW-000169,03098,31.11389935326623
DE-NW-000170,03098,31.1757742251874
DE-NW-000171,03098,31.24931386947424
DE-NW-000172,03098,31.341594630268027
DE-NW-000173,01078,39.482732673347435
DE-NW-000174,01303,15.099570846376823
DE-NW-000176,01078,33.044874939319385
DE-NW-000177,01078,32.82117215950843
DE-NW-000178,01303,27.331883901292915
DE-NW-000179,01303,27.688703419861202
DE-NW-000180,01078,23.36972615025883
DE-NW-000181,01078,23.514406488633142
DE-TH-038041,00656,30.517414256435135
DE-NW-000183,01303,27.328350122088175
DE-NW-000184,01303,27.327131335090012
DE-NW-000185,01303,22.184783143090346
DE-NW-000186,01303,22.210544060062407
DE-TH-038042,00656,30.472993002965058
DE-NW-000187,01303,21.097771826279484
DE-NW-000188,01303,29.623650698349046
DE-NW-000189,01303,29.588128008800968
DE-NW-000190,01303,33.51811964742178
DE-TH-071031,01270,21.709154701133187
DE-NW-000191,01303,33.8329317025537
DE-NW-000192,07374,38.06523128589444
DE-NW-000193,07374,37.99827791661768
DE-NW-000194,07374,35.27624964301855
DE-NW-000195,07374,35.714256275482754
DE-NW-000197,15000,11.11452545313791
DE-NW-000198,15000,11.218297347560936
DE-NW-000199,15000,10.93830105181857
DE-NW-000200,15000,10.99400052625559
DE-NW-000201,15000,10.663302344737648
DE-NW-000202,15000,10.829224817822348
DE-NW-000203,03623,25.21366785233222
DE-NW-000204,03623,25.157813053223652
DE-NW-000205,03623,26.557645399297293
DE-NW-000206,03623,26.44995487251894
DE-NW-000207,05347,17.013349082846954
DE-NW-000208,05347,17.00236227085849
DE-NW-000209,05347,22.279426101492216
DE-NW-000210,05347,22.30078650594457
DE-NW-000211,03028,25.572531460799734
DE-NW-000212,03028,25.511456534037457
DE-NW-000213,01078,12.952871448514514
DE-NW-000214,01078,12.9800593665905
DE-NW-000215,03028,27.976055882190696
DE-NW-000216,03028,29.77107910475613
DE-NW-000218,03028,32.18030171219636
DE-NW-000220,05480,33.52700228264133
DE-NW-000221,05480,32.03059250229061
DE-NW-000222,05480,27.034510066121207
DE-NW-000223,05480,26.9972525260733
DE-NW-000224,05480,21.872764153045054
DE-NW-000225,05480,21.816715590336898
DE-NW-000226,05480,17.21439978127659
DE-NW-000227,05480,17.289432089407548
DE-NW-000228,05480,9.83307705341462
DE-NW-000229,05480,9.9256868603029
DE-NW-000230,05480,5.093415480714061
DE-NW-000231,05480,5.185178434431289
DE-NW-000232,05480,8.740351935755745
DE-NW-000233,05480,8.74020715128299
DE-NW-000234,05480,11.70659440892015
DE-NW-000235,05480,11.677403084306144
DE-NW-000236,05480,10.163895730906685
DE-NW-000237,05480,10.221392362448572
DE-NW-000238,01303,31.41969855718717
DE-NW-000239,01303,31.53744552321571
DE-NW-000240,03098,26.01847078199516
DE-NW-000241,03098,26.053282588291232
DE-NW-000245,03098,7.007359662117208
DE-NW-000246,03098,6.905125827711543
DE-NW-000251,03098,3.0937586513940665
DE-NW-000253,03098,6.23501577473178
DE-NW-000254,03098,6.282648359626907
DE-NW-000255,03098,10.360210188893918
DE-NW-000256,03098,10.423376513405998
DE-NW-000257,03098,13.735591309356971
DE-NW-000258,03098,14.133609882474435
DE-NW-000259,03098,18.921163354128492
DE-NW-000260,03098,19.349508696193855
DE-NW-000261,03098,24.682588663283678
DE-NW-000262,03098,24.91137421610726
DE-NW-000263,03098,29.779920370791952
DE-NW-000264,03098,30.109898709084536
DE-NW-000266,03167,32.73169810412357
DE-NW-000267,03167,31.94619846384091
DE-NW-000268,03167,30.673818944290417
DE-NW-000269,03167,25.629514803787814
DE-NW-000270,03167,25.694042159103844
DE-NW-000271,03167,24.36849386885751
DE-NW-000272,03167,23.956582219196363
DE-NW-000273,03167,19.657307102503676
DE-NW-000274,03167,19.719835806121697
DE-NW-000280,03098,14.167189161629855
DE-NW-000281,03098,14.49655767081264
DE-NW-000282,03098,14.475625759131862
DE-NW-000283,01078,35.83491778516561
DE-NW-000284,01078,35.8222673861437
DE-NW-000285,01078,21.773718433992
DE-NW-000286,01078,22.309423186436312
DE-NW-000287,05480,18.830524538492508
DE-NW-000288,05480,19.44882067164415
DE-NW-000290,01078,20.05541528969982
DE-NW-000291,01078,19.94801061066074
DE-NW-000292,01303,20.936151533378926
DE-NW-000293,01303,20.851469771126595
DE-NW-000294,01303,21.442810720417857
DE-NW-000295,01078,26.85820396832886
DE-NW-000296,01078,26.715497972400726
DE-NW-000297,01078,19.031420336031083
DE-NW-000298,01078,18.97997742417719
DE-NW-000299,01078,3.594489293334066
DE-NW-000300,01303,6.3388895246952215
DE-NW-000301,01303,4.151119800327017
DE-NW-000303,03623,13.860168366052381
DE-NW-000304,03623,13.780031796906497
DE-NW-000305,01078,55.902436331511296
DE-NW-000306,01078,56.01392532261644
DE-NW-000307,01078,39.83842899602065
DE-NW-000308,01078,37.72575652814116
DE-NW-000309,01078,33.505522698969045
DE-NW-000310,01078,33.594435098092404
DE-NW-000311,01078,23.093046635279702
DE-NW-000312,01078,23.6190777416431
DE-NW-000313,01078,9.635614749165404
DE-NW-000314,01078,9.478847767572793
DE-NW-000315,01078,12.788949160566636
DE-NW-000316,01078,13.014381653926133
DE-NW-000317,01078,19.28754327227271
DE-NW-000318,01078,19.115615271220555
DE-NW-000319,03623,25.5151370424819
DE-NW-000320,03623,25.558521547893978
DE-NW-000321,01078,21.45450861480084
DE-NW-000322,00603,20.638428044516232
DE-NW-000323,00603,20.518519116961293
DE-NW-000324,01078,23.317140761173487
DE-NW-000326,03623,21.780029971408354
DE-TH-071032,01270,21.75061961690713
DE-NW-000327,03623,21.868990646774616
DE-NW-000328,03623,18.2031496634474
DE-NW-000329,03623,18.18629424257301
DE-NW-000330,00603,20.804265986388504
DE-TH-071041,01270,4.81120982273296
DE-NW-000331,00603,20.704364693734842
DE-NW-007344,04371,17.17637954543033
DE-NW-007351,00603,14.584087661573694
DE-NW-007355,01078,11.864207323777455
DE-TH-071042,01270,4.865678836308575
DE-NW-007356,01078,11.778978471895346
DE-NW-007365,15000,8.070823133291313
DE-NW-007380,03028,32.26143453997332
DE-NW-007383,03098,3.1216849468571053
DE-NW-007388,03167,34.425901532057274
DE-NW-007398,02483,21.988402740965405
DE-NW-007399,02483,22.005015132866777
DE-NW-007417,05347,8.801438703464628
DE-NW-007419,05347,8.709882479159816
DE-RP-000001,00766,12.847618477783204
DE-RP-000002,00766,14.05307887502955
DE-RP-000003,00766,17.260295898903394
DE-RP-000004,00766,17.35750847095685
DE-RP-000005,00766,18.95054864401996
DE-RP-000006,00766,22.144690154189767
DE-RP-000007,00953,22.55136806359153
DE-RP-000008,00953,22.637659686560493
DE-RP-000009,05100,18.650808036806605
DE-RP-000010,05100,18.73545467200777
DE-RP-000011,05100,11.84210170170287
DE-RP-000012,05100,12.27865591770992
DE-RP-000013,00953,13.691888750341803
DE-RP-000014,00953,13.810710356241358
DE-RP-000015,00953,16.506350397833433
DE-RP-000016,00953,16.478517005985424
DE-RP-000017,00603,14.942283674800661
DE-RP-000018,00603,19.722691996229322
DE-RP-000019,00161,19.48675923460797
DE-RP-000020,00161,18.04297206763129
DE-RP-000021,00161,18.15178924774022
DE-RP-000022,00161,18.09435449800308
DE-RP-000023,00161,21.106150930670744
DE-RP-000024,00161,22.232821473808436
DE-RP-000025,00161,23.593156473379864
DE-RP-000027,03167,25.073655091906108
DE-RP-000028,03167,23.87789009279682
DE-RP-000029,03167,26.69504711656893
DE-RP-000031,00161,19.164430898480223
DE-RP-000032,00161,18.541237143092268
DE-RP-000033,00161,16.154022854380916
DE-TH-071051,01270,16.473268414145792
DE-RP-000034,00161,14.383674296036393
DE-RP-000035,00161,13.514939441411673
DE-RP-000036,00161,12.852257545944715
DE-RP-000037,00161,9.362851124819787
DE-RP-000038,00161,8.687720619773266
DE-RP-000039,00161,9.31082432802534
DE-RP-000041,00161,10.738518874518254
DE-RP-000042,00161,10.926801976144251
DE-RP-000043,00161,13.421307358632909
DE-RP-000044,00161,15.058096001361987
DE-RP-000045,00766,15.663070541594726
DE-RP-000046,00766,15.606095859119526
DE-RP-000047,00766,11.421381029116311
DE-RP-000048,00766,10.961843544956226
DE-RP-000049,00766,6.3650187422606646
DE-RP-000050,00766,6.224791623121194
DE-RP-000051,00766,7.528857633374729
DE-RP-000052,00766,7.152607415159641
DE-RP-000053,00766,9.335097779147302
DE-RP-000054,00766,9.762116389168773
DE-RP-000055,05426,21.846692953012845
DE-RP-000057,05426,18.46043974709313
DE-RP-000058,05426,17.236709082847497
DE-RP-000059,05426,16.88220785682861
DE-RP-000060,05426,16.931718198015943
DE-RP-000061,05426,17.549355378682513
DE-RP-000062,05426,18.78888399424404
DE-RP-000063,05426,21.81399382052226
DE-RP-000064,05426,21.851963067431942
DE-RP-000065,02385,36.29460017133181
DE-RP-000067,05029,32.37946209742664
DE-RP-000068,05029,31.75794463594224
DE-RP-000069,05029,29.805906712273107
DE-RP-000070,04336,29.426294581038476
DE-RP-000071,04336,26.29499378650354
DE-TH-071052,01270,16.636597787434972
DE-RP-000072,01580,11.15633213850267
DE-RP-000073,01580,11.225361090580439
DE-RP-000074,03660,50.6391012989621
DE-RP-000075,03660,50.58024683609217
DE-RP-000076,03660,41.537631248118686
DE-RP-000077,03660,41.57272357126753
DE-RP-000078,03660,40.74650857719894
DE-RP-000079,03660,40.873758378380565
DE-RP-000080,05100,35.57720737106876
DE-RP-000081,05100,35.59568846309074
DE-RP-000082,05100,30.400170456197824
DE-RP-000083,05100,30.311862680751357
DE-RP-000084,05100,27.713590954316178
DE-RP-000085,05100,27.626472388861238
DE-RP-000086,00603,19.332429438417325
DE-RP-000087,00603,18.105288010422882
DE-RP-000088,00603,18.043667106117653
DE-RP-000089,00161,18.44596819824878
DE-RP-000090,00161,18.51673899637208
DE-RP-000091,00161,14.031456040103308
DE-RP-000092,00161,13.82578186663741
DE-RP-000093,00161,12.29736182022411
DE-RP-000094,00161,12.255801838636945
DE-RP-000096,00161,7.783579683454049
DE-RP-000097,00161,7.780803944435109
DE-RP-000099,00161,5.270927389853608
DE-RP-000100,00161,5.146516288489691
DE-RP-000101,00161,6.660283180838012
DE-RP-000102,00161,6.613202225445127
DE-RP-000104,00161,11.846446080107016
DE-RP-000105,00161,11.52001286178457
DE-RP-000106,00161,13.040548752493766
DE-RP-000107,00161,13.12111405444696
DE-RP-000108,00161,16.319072716451842
DE-RP-000109,00161,16.373703009647585
DE-RP-000110,00161,18.58395864720455
DE-RP-000111,00161,18.615457381173574
DE-RP-000112,00161,26.691387814012945
DE-RP-000113,00161,26.60334489269683
DE-RP-000114,01580,30.63638404985145
DE-RP-000115,01580,30.652452861989747
DE-RP-000117,01580,22.845556626803198
DE-RP-000118,01580,22.763318250720708
DE-RP-000120,01580,13.724669144491513
DE-RP-000121,01580,13.593140107657973
DE-RP-000124,01580,12.197186170408141
DE-RP-000125,01580,13.487891786614593
DE-RP-000127,01580,21.3389410750756
DE-RP-000128,01580,21.288697775556027
DE-RP-000129,01580,32.56276631882218
DE-RP-000130,01580,33.21214554894654
DE-RP-000131,05906,30.87912493941261
DE-RP-000132,05906,30.872237420478942
DE-RP-000133,05906,24.7363525211084
DE-RP-000134,05906,24.712154925438558
DE-RP-000135,05906,21.855761799167702
DE-RP-000136,05906,21.702381246869646
DE-RP-000137,05906,17.982585399375193
DE-RP-000138,05906,17.85710967737418
DE-RP-000139,05426,16.95416136260857
DE-RP-000140,05426,16.85414817986727
DE-RP-000141,05426,16.321239164394566
DE-RP-000142,05426,16.38217405903239
DE-RP-000143,05426,19.001633193101284
DE-RP-000144,05426,19.170042107071218
DE-RP-000145,05906,18.794979988375935
DE-RP-000146,05906,18.66914454838554
DE-RP-000149,02385,26.111313510701418
DE-RP-000150,02385,28.749210081902604
DE-RP-000151,02385,30.441834481077322
DE-RP-000154,01580,33.798757922608445
DE-RP-000155,01580,33.74573541837674
DE-RP-000156,05426,26.748186217570517
DE-RP-000157,05426,26.67935932785497
DE-RP-000158,05100,5.947686629400583
DE-RP-000159,05100,5.89889218283497
DE-RP-000160,05426,10.71844748778407
DE-RP-000161,05426,10.450900359858583
DE-RP-000162,05426,11.970492366835439
DE-RP-000163,05426,11.981140556438138
DE-RP-000164,04336,28.296748141433767
DE-RP-000165,04336,28.274132776320634
DE-RP-002264,02385,23.105112896996832
DE-RP-002265,02385,23.026731885653916
DE-RP-002268,01580,7.360575745749742
DE-SH-001072,04466,9.593015394580517
DE-SH-001101,01975,17.98739870860415
DE-SH-001102,01975,23.088917519249488
DE-SH-001103,03086,16.04118993580212
DE-SH-001104,03086,14.589800420079031
DE-SH-001105,03897,8.192483364921408
DE-SH-001106,03897,7.381583824671407
DE-SH-001107,03897,16.828853826190805
DE-SH-001108,05516,19.154861126075023
DE-SH-001201,01975,17.142159971039202
DE-SH-001202,01975,22.9282504238495
DE-SH-001203,03086,14.476921247336955
DE-SH-001204,03086,14.409497528290762
DE-SH-001205,03897,8.202312500159943
DE-SH-001206,03897,7.461488404714353
DE-SH-001207,05516,19.09910728045718
DE-SH-007101,01975,5.035169053032249
DE-SH-007102,04039,4.449410915333627
DE-SH-007103,04039,10.337785501572265
DE-SH-007104,04039,21.566485179096198
DE-SH-007105,02429,23.933440397746637
DE-SH-007106,06163,27.427935834017457
DE-SH-007107,02303,15.548565386590065
DE-SH-007108,02303,12.74852139619635
DE-SH-007109,02303,10.213714615769076
DE-SH-007111,04466,5.0145473934446905
DE-SH-007112,04466,13.898025115408352
DE-SH-007113,04466,26.929464647821376
DE-SH-007201,01975,5.307357170636506
DE-SH-007202,04039,4.3374060853363785
DE-SH-007203,04039,10.201860114356931
DE-SH-007204,04039,23.640133431571233
DE-SH-007205,02429,26.108512663661724
DE-SH-007206,02303,16.080951069104493
DE-SH-007207,02303,12.71632381493763
DE-SH-007208,02303,10.102594037523824
DE-SH-007210,04466,3.876562481791283
DE-SH-007211,04466,12.041858241378993
DE-SH-007212,02907,24.214052940240297
DE-SH-020104,03086,24.15279569258443
DE-SH-020105,03086,1.6863848224498854
DE-SH-020203,03086,24.221416692640453
DE-SH-020204,03086,1.8281542622934013
DE-SH-021101,01975,24.86719848252592
DE-SH-021102,03086,28.415158114671126
DE-SH-021103,06163,23.625007532335474
DE-SH-021201,01975,24.799929601287737
DE-SH-021202,03086,28.40339505458866
DE-SH-021203,06163,23.63585076622722
DE-SH-021204,06163,9.571677276982452
DE-SH-023101,04039,7.584822335385681
DE-SH-023102,02429,18.27870079066545
DE-SH-023103,02429,6.316580351612299
DE-SH-023104,02429,18.408177023626482
DE-SH-023105,01200,17.448917034859722
DE-SH-023201,04039,7.701214507405068
DE-SH-023202,02429,18.404565613055055
DE-SH-023203,02429,6.328919889597033
DE-SH-023204,02429,18.397422922710508
DE-SH-023205,01200,17.33172706185117
DE-SH-024101,01975,22.012817189760842
DE-SH-024102,00591,18.240149174811275
DE-SH-024103,00591,16.35140105968507
DE-SH-024201,01975,21.936770812398674
DE-SH-024202,00591,18.6784949513695
DE-SH-024203,00591,16.434866318665957
DE-SH-210101,02303,24.338816349814135
DE-SH-210201,02303,24.455908028149377
DE-SH-215101,06163,23.09876442426917
DE-SH-215102,06163,23.18832017388227
DE-SL-000001,05029,11.350556979921446
DE-SL-000002,05029,8.704597819457966
DE-SL-000003,05029,4.7880405696229555
DE-SL-000004,05029,4.860248824737212
DE-SL-000005,05029,4.4964384279798315
DE-SL-000006,05029,4.544021815848868
DE-SL-000007,05029,6.261768700303178
DE-SL-000008,04336,14.758327092419925
DE-SL-000009,04336,14.86191901085069
DE-SL-000010,04336,21.039774724925522
DE-SL-000012,04336,7.583644244583208
DE-SL-000013,04336,7.475660639180235
DE-SL-000016,04336,10.347877184471587
DE-SL-000017,04336,10.176365018744246
DE-SL-000018,05029,13.59235869035196
DE-SL-000019,05029,13.552649936579051
DE-SL-000020,02385,14.59302500591254
DE-SL-000021,02385,14.621044134103691
DE-SL-000022,00460,5.982118647684248
DE-SL-000023,00460,6.0382759664621615
DE-SL-000024,04336,16.24666177550414
DE-SL-000025,04336,15.360860811700647
DE-SL-000026,05029,13.953352481161668
DE-SL-000027,05029,14.068304285765109
DE-SL-000028,00460,13.863593330163665
DE-SL-000029,00460,13.821307575732888
DE-SL-000031,00460,33.3467804709186
DE-SL-000032,00460,33.28094301524091
DE-SL-000516,04336,2.506909784941357
DE-SL-000520,00460,22.74523793066567
DE-SN-000001,00853,13.789962345649455
DE-SN-000002,00853,13.793221816670886
DE-SN-000003,03811,24.88603245651756
DE-SN-000004,01684,28.001530639302104
DE-SN-000005,01684,28.05095222141336
DE-SN-000007,00853,26.196505202851817
DE-SN-000008,00853,26.03317078015076
DE-SN-000009,01048,7.724338925989483
DE-SN-000010,01048,7.768492175862064
DE-SN-000011,05779,13.93131199067784
DE-SN-000012,05779,13.82359944983947
DE-SN-000013,00853,3.5339002733139533
DE-SN-000014,00853,3.4553174973695153
DE-SN-000015,01048,13.9140419736127
DE-SN-000016,01048,14.015400616489325
DE-SN-000017,01048,31.53058659753533
DE-SN-000018,01048,31.5020108289592
DE-SN-000019,01684,19.19190419740052
DE-SN-000022,00853,12.231305740717723
DE-TH-071061,04501,9.498402146093072
DE-SN-000023,00853,12.674633331655333
DE-SN-000024,00853,14.89431294605136
DE-SN-000025,00853,15.021636070486837
DE-SN-000026,02932,8.66007741318944
DE-SN-000027,02932,7.342250993068779
DE-SN-000028,01048,14.6964918437866
DE-SN-000029,01048,14.750331296180823
DE-SN-000032,02928,17.80048776931124
DE-SN-000033,02928,17.76195963923726
DE-SN-000035,02928,19.08643762439945
DE-SN-000036,03946,11.019641762741957
DE-SN-000037,03946,10.304458036975623
DE-SN-000038,00853,17.501461076380345
DE-SN-000039,01684,4.0440660740884775
DE-SN-000040,01684,3.6857576360997943
DE-SN-000041,03811,24.941007124217833
DE-SN-000043,02928,5.252550081337243
DE-SN-000044,02928,5.412054809759278
DE-SN-000046,03946,6.746152687333902
DE-SN-000047,00840,25.826561125254514
DE-SN-000048,00840,25.729359998721403
DE-SN-000049,07393,28.269458440438136
DE-SN-000050,07393,28.373001326209085
DE-SN-000051,01048,21.818767993153067
DE-SN-000052,01048,22.11770669846807
DE-SN-000054,00853,8.284217870218328
DE-SN-000055,00853,23.546296310139542
DE-SN-000056,00853,24.19309472427565
DE-SN-000058,03811,13.219518454730446
DE-SN-000059,03811,13.336975443605212
DE-SN-000061,03946,4.26498205586716
DE-SN-000062,03946,5.337371847680513
DE-SN-000063,03946,22.895459408398253
DE-SN-000064,03946,22.812540695518397
DE-SN-000065,01684,8.482078507093926
DE-SN-000066,01684,8.382765633342188
DE-SN-000067,01048,19.8006638755561
DE-SN-000068,01048,19.78164789597762
DE-SN-001092,01048,7.503675680288116
DE-SN-001093,01048,7.496841255377075
DE-SN-001098,02928,19.079271385899045
DE-SN-001101,01684,19.264487303240177
DE-SN-001113,02928,14.694928261866698
DE-ST-001211,01605,20.58576802598559
DE-ST-001212,01605,21.415190511215886
DE-ST-001247,02932,9.218700331963625
DE-ST-001249,05490,10.9490997086049
DE-ST-001251,05490,11.145231609947723
DE-ST-001253,02044,28.095850797412798
DE-ST-001255,02044,28.040205949890222
DE-ST-001257,05490,8.02585535340551
DE-ST-001259,05490,8.04426714252616
DE-ST-002010,01605,15.883929269606353
DE-ST-002011,01605,16.119409968781213
DE-ST-002020,03126,18.126479694058883
DE-ST-002021,03126,18.180889423167706
DE-ST-002030,03126,12.652390592471276
DE-ST-002031,03126,12.796483882472662
DE-ST-002040,05158,6.4239028909403535
DE-ST-002041,05158,6.513735849919924
DE-TH-071062,04501,9.57112086232161
DE-ST-002050,05158,8.917936918270064
DE-ST-009010,05629,14.085044005062441
DE-ST-009011,05629,14.17778508222662
DE-ST-009020,05629,18.80093478589845
DE-ST-009021,05629,18.825212341603212
DE-TH-071081,03231,11.833947431825274
DE-ST-009030,02932,32.250402378958945
DE-ST-009031,02932,32.314227914252236
DE-ST-009040,02932,19.588976457598505
DE-ST-009041,02932,19.536482385793082
DE-ST-009050,02932,6.823759968463592
DE-ST-009051,02932,6.815605876557612
DE-ST-009060,02932,13.16727211521209
DE-ST-009061,02932,13.157448459895967
DE-ST-009070,03821,15.32122818097869
DE-ST-009071,03821,15.349153008650635
DE-ST-009080,03821,2.7797215533973425
DE-TH-071082,03231,11.896801137957135
DE-ST-009081,03821,2.741884785047192
DE-ST-014010,02932,9.35797310206367
DE-ST-014020,02932,21.221057462151954
DE-ST-014021,02932,21.27511857271099
DE-ST-014040,02932,38.08400753422726
DE-ST-014041,02932,37.98951104092108
DE-ST-014050,02044,40.59853351973677
DE-ST-014051,02044,40.74505358338592
DE-ST-014060,03126,31.23467664008556
DE-ST-014061,03126,31.342103282439748
DE-ST-014070,03126,19.403559644910604
DE-ST-014071,03126,19.373201644904082
DE-ST-014090,03126,4.8352043116988686
DE-ST-014091,03126,4.732425755443856
DE-ST-038010,00198,20.086783712814384
DE-ST-038011,00198,19.97958033516564
DE-ST-038020,00198,9.759276149420316
DE-ST-038021,00198,9.670281044344561
DE-ST-038030,00198,11.471734178588703
DE-ST-038031,00198,11.203586892684026
DE-ST-038040,00198,29.81253560501958
DE-ST-038041,00198,30.26278536677185
DE-ST-038050,02932,24.05192522149015
DE-ST-038051,02932,24.151651732748373
DE-ST-038060,03821,19.54560047034053
DE-ST-038061,03821,19.41986532999168
DE-ST-143010,02932,26.6502556651722
DE-ST-143011,02932,26.733454334891626
DE-TH-071091,03231,11.498920224490217
DE-TH-071092,03231,11.331726611824914
DE-TH-073011,04501,10.922863082185618
DE-TH-073012,04501,10.924605127438186
DE-TH-001121,01612,12.678253806998821
DE-TH-001122,01612,12.676756762805685
DE-TH-001140,00198,5.490839435386703
DE-TH-001141,00198,6.347696679898488
DE-TH-001144,03821,15.477924972239444
DE-TH-001147,00198,22.407718233895007
DE-TH-001159,01612,12.725905155867673
DE-TH-004012,01612,13.272146659468818
DE-TH-004051,01612,22.45380625459711
DE-TH-004052,01612,22.44002102272316
DE-TH-004071,03821,29.670416407914107
DE-TH-004072,03821,28.167152602532386
DE-TH-004111,01270,28.0164464604322
DE-TH-004112,01270,28.080123440546483
DE-TH-073021,00867,13.954940136083685
DE-TH-004122,01270,16.92487365699315
DE-TH-004131,01270,11.146659834877667
DE-TH-004132,01270,11.208127204085512
DE-TH-004162,01270,15.77478127894121
DE-TH-004181,07368,18.560968885798985
